식별자,기관명,기관유형,관할지원청,학교급,주소,위도,경도,사용자정의_메모
qa-pregeo-001,QA 사전좌표 001 <script>alert(1)</script>,school,main,유치원,인천광역시 QA구 사전좌표로 1,37.320000,126.480000,synthetic-pregeocoded-main-school
qa-pregeo-002,QA 사전좌표 002 headquarters,headquarters,ganghwa,,인천광역시 QA구 사전좌표로 2,37.324100,126.485200,synthetic-pregeocoded-ganghwa-headquarters
qa-pregeo-003,QA 사전좌표 003 support-office,support-office,south,,인천광역시 QA구 사전좌표로 3,37.328200,126.490400,synthetic-pregeocoded-south-support-office
qa-pregeo-004,QA 사전좌표 004 direct-agency,direct-agency,north,,인천광역시 QA구 사전좌표로 4,37.332300,126.495600,synthetic-pregeocoded-north-direct-agency
qa-pregeo-005,QA 사전좌표 005 library,library,east,,인천광역시 QA구 사전좌표로 5,37.336400,126.500800,synthetic-pregeocoded-east-library
qa-pregeo-006,QA 사전좌표 006 experience-site,experience-site,west,,인천광역시 QA구 사전좌표로 6,37.340500,126.506000,synthetic-pregeocoded-west-experience-site
qa-pregeo-007,QA 사전좌표 007 partner,partner,unassigned,,인천광역시 QA구 사전좌표로 7,37.344600,126.511200,synthetic-pregeocoded-unassigned-partner
qa-pregeo-008,QA 사전좌표 008 imported,imported,main,,인천광역시 QA구 사전좌표로 8,37.348700,126.516400,synthetic-pregeocoded-main-imported
qa-pregeo-009,QA 사전좌표 009 school,school,ganghwa,중학교,인천광역시 QA구 사전좌표로 9,37.352800,126.521600,synthetic-pregeocoded-ganghwa-school
qa-pregeo-010,QA 사전좌표 010 headquarters,headquarters,south,,인천광역시 QA구 사전좌표로 10,37.356900,126.526800,synthetic-pregeocoded-south-headquarters
qa-pregeo-011,QA 사전좌표 011 support-office,support-office,north,,인천광역시 QA구 사전좌표로 11,37.361000,126.532000,synthetic-pregeocoded-north-support-office
qa-pregeo-012,QA 사전좌표 012 direct-agency,direct-agency,east,,인천광역시 QA구 사전좌표로 12,37.365100,126.537200,synthetic-pregeocoded-east-direct-agency
qa-pregeo-013,QA 사전좌표 013 library,library,west,,인천광역시 QA구 사전좌표로 13,37.369200,126.542400,synthetic-pregeocoded-west-library
qa-pregeo-014,QA 사전좌표 014 experience-site,experience-site,unassigned,,인천광역시 QA구 사전좌표로 14,37.373300,126.547600,synthetic-pregeocoded-unassigned-experience-site
qa-pregeo-015,QA 사전좌표 015 partner,partner,main,,인천광역시 QA구 사전좌표로 15,37.377400,126.552800,synthetic-pregeocoded-main-partner
qa-pregeo-016,QA 사전좌표 016 imported,imported,ganghwa,,인천광역시 QA구 사전좌표로 16,37.381500,126.558000,synthetic-pregeocoded-ganghwa-imported
qa-pregeo-017,QA 사전좌표 017 school,school,south,특수학교,인천광역시 QA구 사전좌표로 17,37.385600,126.563200,synthetic-pregeocoded-south-school
qa-pregeo-018,QA 사전좌표 018 headquarters,headquarters,north,,인천광역시 QA구 사전좌표로 18,37.389700,126.568400,synthetic-pregeocoded-north-headquarters
qa-pregeo-019,QA 사전좌표 019 support-office,support-office,east,,인천광역시 QA구 사전좌표로 19,37.393800,126.573600,synthetic-pregeocoded-east-support-office
qa-pregeo-020,QA 사전좌표 020 direct-agency,direct-agency,west,,인천광역시 QA구 사전좌표로 20,37.397900,126.578800,synthetic-pregeocoded-west-direct-agency
qa-pregeo-021,QA 사전좌표 021 library,library,unassigned,,인천광역시 QA구 사전좌표로 21,37.402000,126.584000,synthetic-pregeocoded-unassigned-library
qa-pregeo-022,QA 사전좌표 022 experience-site,experience-site,main,,인천광역시 QA구 사전좌표로 22,37.406100,126.589200,synthetic-pregeocoded-main-experience-site
qa-pregeo-023,QA 사전좌표 023 partner,partner,ganghwa,,인천광역시 QA구 사전좌표로 23,37.410200,126.594400,synthetic-pregeocoded-ganghwa-partner
qa-pregeo-024,QA 사전좌표 024 imported,imported,south,,인천광역시 QA구 사전좌표로 24,37.414300,126.599600,synthetic-pregeocoded-south-imported
qa-pregeo-025,QA 사전좌표 025 school,school,north,유치원,인천광역시 QA구 사전좌표로 25,37.418400,126.604800,synthetic-pregeocoded-north-school
qa-pregeo-026,QA 사전좌표 026 headquarters,headquarters,east,,인천광역시 QA구 사전좌표로 26,37.422500,126.610000,synthetic-pregeocoded-east-headquarters
qa-pregeo-027,QA 사전좌표 027 support-office,support-office,west,,인천광역시 QA구 사전좌표로 27,37.426600,126.615200,synthetic-pregeocoded-west-support-office
qa-pregeo-028,QA 사전좌표 028 direct-agency,direct-agency,unassigned,,인천광역시 QA구 사전좌표로 28,37.430700,126.620400,synthetic-pregeocoded-unassigned-direct-agency
qa-pregeo-029,QA 사전좌표 029 library,library,main,,인천광역시 QA구 사전좌표로 29,37.434800,126.625600,synthetic-pregeocoded-main-library
qa-pregeo-030,QA 사전좌표 030 experience-site,experience-site,ganghwa,,인천광역시 QA구 사전좌표로 30,37.438900,126.630800,synthetic-pregeocoded-ganghwa-experience-site
qa-pregeo-031,QA 사전좌표 031 partner,partner,south,,인천광역시 QA구 사전좌표로 31,37.443000,126.636000,synthetic-pregeocoded-south-partner
qa-pregeo-032,QA 사전좌표 032 imported,imported,north,,인천광역시 QA구 사전좌표로 32,37.447100,126.480130,synthetic-pregeocoded-north-imported
qa-pregeo-033,QA 사전좌표 033 school,school,east,중학교,인천광역시 QA구 사전좌표로 33,37.451200,126.485330,synthetic-pregeocoded-east-school
qa-pregeo-034,QA 사전좌표 034 headquarters,headquarters,west,,인천광역시 QA구 사전좌표로 34,37.455300,126.490530,synthetic-pregeocoded-west-headquarters
qa-pregeo-035,QA 사전좌표 035 support-office,support-office,unassigned,,인천광역시 QA구 사전좌표로 35,37.459400,126.495730,synthetic-pregeocoded-unassigned-support-office
qa-pregeo-036,QA 사전좌표 036 direct-agency,direct-agency,main,,인천광역시 QA구 사전좌표로 36,37.463500,126.500930,synthetic-pregeocoded-main-direct-agency
qa-pregeo-037,QA 사전좌표 037 library,library,ganghwa,,인천광역시 QA구 사전좌표로 37,37.467600,126.506130,synthetic-pregeocoded-ganghwa-library
qa-pregeo-038,QA 사전좌표 038 experience-site,experience-site,south,,인천광역시 QA구 사전좌표로 38,37.320110,126.511330,synthetic-pregeocoded-south-experience-site
qa-pregeo-039,QA 사전좌표 039 partner,partner,north,,인천광역시 QA구 사전좌표로 39,37.324210,126.516530,synthetic-pregeocoded-north-partner
qa-pregeo-040,QA 사전좌표 040 imported,imported,east,,인천광역시 QA구 사전좌표로 40,37.328310,126.521730,synthetic-pregeocoded-east-imported
qa-pregeo-041,QA 사전좌표 041 school,school,west,특수학교,인천광역시 QA구 사전좌표로 41,37.332410,126.526930,synthetic-pregeocoded-west-school
qa-pregeo-042,QA 사전좌표 042 headquarters,headquarters,unassigned,,인천광역시 QA구 사전좌표로 42,37.336510,126.532130,synthetic-pregeocoded-unassigned-headquarters
qa-pregeo-043,QA 사전좌표 043 support-office,support-office,main,,인천광역시 QA구 사전좌표로 43,37.340610,126.537330,synthetic-pregeocoded-main-support-office
qa-pregeo-044,QA 사전좌표 044 direct-agency,direct-agency,ganghwa,,인천광역시 QA구 사전좌표로 44,37.344710,126.542530,synthetic-pregeocoded-ganghwa-direct-agency
qa-pregeo-045,QA 사전좌표 045 library,library,south,,인천광역시 QA구 사전좌표로 45,37.348810,126.547730,synthetic-pregeocoded-south-library
qa-pregeo-046,QA 사전좌표 046 experience-site,experience-site,north,,인천광역시 QA구 사전좌표로 46,37.352910,126.552930,synthetic-pregeocoded-north-experience-site
qa-pregeo-047,QA 사전좌표 047 partner,partner,east,,인천광역시 QA구 사전좌표로 47,37.357010,126.558130,synthetic-pregeocoded-east-partner
qa-pregeo-048,QA 사전좌표 048 imported,imported,west,,인천광역시 QA구 사전좌표로 48,37.361110,126.563330,synthetic-pregeocoded-west-imported
qa-pregeo-049,QA 사전좌표 049 school,school,unassigned,유치원,인천광역시 QA구 사전좌표로 49,37.365210,126.568530,synthetic-pregeocoded-unassigned-school
qa-pregeo-050,QA 사전좌표 050 headquarters,headquarters,main,,인천광역시 QA구 사전좌표로 50,37.369310,126.573730,synthetic-pregeocoded-main-headquarters
qa-pregeo-051,QA 사전좌표 051 support-office,support-office,ganghwa,,인천광역시 QA구 사전좌표로 51,37.373410,126.578930,synthetic-pregeocoded-ganghwa-support-office
qa-pregeo-052,QA 사전좌표 052 direct-agency,direct-agency,south,,인천광역시 QA구 사전좌표로 52,37.377510,126.584130,synthetic-pregeocoded-south-direct-agency
qa-pregeo-053,QA 사전좌표 053 library,library,north,,인천광역시 QA구 사전좌표로 53,37.381610,126.589330,synthetic-pregeocoded-north-library
qa-pregeo-054,QA 사전좌표 054 experience-site,experience-site,east,,인천광역시 QA구 사전좌표로 54,37.385710,126.594530,synthetic-pregeocoded-east-experience-site
qa-pregeo-055,QA 사전좌표 055 partner,partner,west,,인천광역시 QA구 사전좌표로 55,37.389810,126.599730,synthetic-pregeocoded-west-partner
qa-pregeo-056,QA 사전좌표 056 imported,imported,unassigned,,인천광역시 QA구 사전좌표로 56,37.393910,126.604930,synthetic-pregeocoded-unassigned-imported
qa-pregeo-057,QA 사전좌표 057 school,school,main,중학교,인천광역시 QA구 사전좌표로 57,37.398010,126.610130,synthetic-pregeocoded-main-school
qa-pregeo-058,QA 사전좌표 058 headquarters,headquarters,ganghwa,,인천광역시 QA구 사전좌표로 58,37.402110,126.615330,synthetic-pregeocoded-ganghwa-headquarters
qa-pregeo-059,QA 사전좌표 059 support-office,support-office,south,,인천광역시 QA구 사전좌표로 59,37.406210,126.620530,synthetic-pregeocoded-south-support-office
qa-pregeo-060,QA 사전좌표 060 direct-agency,direct-agency,north,,인천광역시 QA구 사전좌표로 60,37.410310,126.625730,synthetic-pregeocoded-north-direct-agency
qa-pregeo-061,QA 사전좌표 061 library,library,east,,인천광역시 QA구 사전좌표로 61,37.414410,126.630930,synthetic-pregeocoded-east-library
qa-pregeo-062,QA 사전좌표 062 experience-site,experience-site,west,,인천광역시 QA구 사전좌표로 62,37.418510,126.636130,synthetic-pregeocoded-west-experience-site
qa-pregeo-063,QA 사전좌표 063 partner,partner,unassigned,,인천광역시 QA구 사전좌표로 63,37.422610,126.480260,synthetic-pregeocoded-unassigned-partner
qa-pregeo-064,QA 사전좌표 064 imported,imported,main,,인천광역시 QA구 사전좌표로 64,37.426710,126.485460,synthetic-pregeocoded-main-imported
qa-pregeo-065,QA 사전좌표 065 school,school,ganghwa,특수학교,인천광역시 QA구 사전좌표로 65,37.430810,126.490660,synthetic-pregeocoded-ganghwa-school
qa-pregeo-066,QA 사전좌표 066 headquarters,headquarters,south,,인천광역시 QA구 사전좌표로 66,37.434910,126.495860,synthetic-pregeocoded-south-headquarters
qa-pregeo-067,QA 사전좌표 067 support-office,support-office,north,,인천광역시 QA구 사전좌표로 67,37.439010,126.501060,synthetic-pregeocoded-north-support-office
qa-pregeo-068,QA 사전좌표 068 direct-agency,direct-agency,east,,인천광역시 QA구 사전좌표로 68,37.443110,126.506260,synthetic-pregeocoded-east-direct-agency
qa-pregeo-069,QA 사전좌표 069 library,library,west,,인천광역시 QA구 사전좌표로 69,37.447210,126.511460,synthetic-pregeocoded-west-library
qa-pregeo-070,QA 사전좌표 070 experience-site,experience-site,unassigned,,인천광역시 QA구 사전좌표로 70,37.451310,126.516660,synthetic-pregeocoded-unassigned-experience-site
qa-pregeo-071,QA 사전좌표 071 partner,partner,main,,인천광역시 QA구 사전좌표로 71,37.455410,126.521860,synthetic-pregeocoded-main-partner
qa-pregeo-072,QA 사전좌표 072 imported,imported,ganghwa,,인천광역시 QA구 사전좌표로 72,37.459510,126.527060,synthetic-pregeocoded-ganghwa-imported
qa-pregeo-073,QA 사전좌표 073 school,school,south,유치원,인천광역시 QA구 사전좌표로 73,37.463610,126.532260,synthetic-pregeocoded-south-school
qa-pregeo-074,QA 사전좌표 074 headquarters,headquarters,north,,인천광역시 QA구 사전좌표로 74,37.467710,126.537460,synthetic-pregeocoded-north-headquarters
qa-pregeo-075,QA 사전좌표 075 support-office,support-office,east,,인천광역시 QA구 사전좌표로 75,37.320220,126.542660,synthetic-pregeocoded-east-support-office
qa-pregeo-076,QA 사전좌표 076 direct-agency,direct-agency,west,,인천광역시 QA구 사전좌표로 76,37.324320,126.547860,synthetic-pregeocoded-west-direct-agency
qa-pregeo-077,QA 사전좌표 077 library,library,unassigned,,인천광역시 QA구 사전좌표로 77,37.328420,126.553060,synthetic-pregeocoded-unassigned-library
qa-pregeo-078,QA 사전좌표 078 experience-site,experience-site,main,,인천광역시 QA구 사전좌표로 78,37.332520,126.558260,synthetic-pregeocoded-main-experience-site
qa-pregeo-079,QA 사전좌표 079 partner,partner,ganghwa,,인천광역시 QA구 사전좌표로 79,37.336620,126.563460,synthetic-pregeocoded-ganghwa-partner
qa-pregeo-080,QA 사전좌표 080 imported,imported,south,,인천광역시 QA구 사전좌표로 80,37.340720,126.568660,synthetic-pregeocoded-south-imported
qa-pregeo-081,QA 사전좌표 081 school,school,north,중학교,인천광역시 QA구 사전좌표로 81,37.344820,126.573860,synthetic-pregeocoded-north-school
qa-pregeo-082,QA 사전좌표 082 headquarters,headquarters,east,,인천광역시 QA구 사전좌표로 82,37.348920,126.579060,synthetic-pregeocoded-east-headquarters
qa-pregeo-083,QA 사전좌표 083 support-office,support-office,west,,인천광역시 QA구 사전좌표로 83,37.353020,126.584260,synthetic-pregeocoded-west-support-office
qa-pregeo-084,QA 사전좌표 084 direct-agency,direct-agency,unassigned,,인천광역시 QA구 사전좌표로 84,37.357120,126.589460,synthetic-pregeocoded-unassigned-direct-agency
qa-pregeo-085,QA 사전좌표 085 library,library,main,,인천광역시 QA구 사전좌표로 85,37.361220,126.594660,synthetic-pregeocoded-main-library
qa-pregeo-086,QA 사전좌표 086 experience-site,experience-site,ganghwa,,인천광역시 QA구 사전좌표로 86,37.365320,126.599860,synthetic-pregeocoded-ganghwa-experience-site
qa-pregeo-087,QA 사전좌표 087 partner,partner,south,,인천광역시 QA구 사전좌표로 87,37.369420,126.605060,synthetic-pregeocoded-south-partner
qa-pregeo-088,QA 사전좌표 088 imported,imported,north,,인천광역시 QA구 사전좌표로 88,37.373520,126.610260,synthetic-pregeocoded-north-imported
qa-pregeo-089,QA 사전좌표 089 school,school,east,특수학교,인천광역시 QA구 사전좌표로 89,37.377620,126.615460,synthetic-pregeocoded-east-school
qa-pregeo-090,QA 사전좌표 090 headquarters,headquarters,west,,인천광역시 QA구 사전좌표로 90,37.381720,126.620660,synthetic-pregeocoded-west-headquarters
qa-pregeo-091,QA 사전좌표 091 support-office,support-office,unassigned,,인천광역시 QA구 사전좌표로 91,37.385820,126.625860,synthetic-pregeocoded-unassigned-support-office
qa-pregeo-092,QA 사전좌표 092 direct-agency,direct-agency,main,,인천광역시 QA구 사전좌표로 92,37.389920,126.631060,synthetic-pregeocoded-main-direct-agency
qa-pregeo-093,QA 사전좌표 093 library,library,ganghwa,,인천광역시 QA구 사전좌표로 93,37.394020,126.636260,synthetic-pregeocoded-ganghwa-library
qa-pregeo-094,QA 사전좌표 094 experience-site,experience-site,south,,인천광역시 QA구 사전좌표로 94,37.398120,126.480390,synthetic-pregeocoded-south-experience-site
qa-pregeo-095,QA 사전좌표 095 partner,partner,north,,인천광역시 QA구 사전좌표로 95,37.402220,126.485590,synthetic-pregeocoded-north-partner
qa-pregeo-096,QA 사전좌표 096 imported,imported,east,,인천광역시 QA구 사전좌표로 96,37.406320,126.490790,synthetic-pregeocoded-east-imported
qa-pregeo-097,QA 사전좌표 097 school,school,west,유치원,인천광역시 QA구 사전좌표로 97,37.410420,126.495990,synthetic-pregeocoded-west-school
qa-pregeo-098,QA 사전좌표 098 headquarters,headquarters,unassigned,,인천광역시 QA구 사전좌표로 98,37.414520,126.501190,synthetic-pregeocoded-unassigned-headquarters
qa-pregeo-099,QA 사전좌표 099 support-office,support-office,main,,인천광역시 QA구 사전좌표로 99,37.418620,126.506390,synthetic-pregeocoded-main-support-office
qa-pregeo-100,QA 사전좌표 100 direct-agency,direct-agency,ganghwa,,인천광역시 QA구 사전좌표로 100,37.422720,126.511590,synthetic-pregeocoded-ganghwa-direct-agency
qa-pregeo-101,QA 사전좌표 101 library,library,south,,인천광역시 QA구 사전좌표로 101,37.426820,126.516790,synthetic-pregeocoded-south-library
qa-pregeo-102,QA 사전좌표 102 experience-site,experience-site,north,,인천광역시 QA구 사전좌표로 102,37.430920,126.521990,synthetic-pregeocoded-north-experience-site
qa-pregeo-103,QA 사전좌표 103 partner,partner,east,,인천광역시 QA구 사전좌표로 103,37.435020,126.527190,synthetic-pregeocoded-east-partner
qa-pregeo-104,QA 사전좌표 104 imported,imported,west,,인천광역시 QA구 사전좌표로 104,37.439120,126.532390,synthetic-pregeocoded-west-imported
qa-pregeo-105,QA 사전좌표 105 school,school,unassigned,중학교,인천광역시 QA구 사전좌표로 105,37.443220,126.537590,synthetic-pregeocoded-unassigned-school
qa-pregeo-106,QA 사전좌표 106 headquarters,headquarters,main,,인천광역시 QA구 사전좌표로 106,37.447320,126.542790,synthetic-pregeocoded-main-headquarters
qa-pregeo-107,QA 사전좌표 107 support-office,support-office,ganghwa,,인천광역시 QA구 사전좌표로 107,37.451420,126.547990,synthetic-pregeocoded-ganghwa-support-office
qa-pregeo-108,QA 사전좌표 108 direct-agency,direct-agency,south,,인천광역시 QA구 사전좌표로 108,37.455520,126.553190,synthetic-pregeocoded-south-direct-agency
qa-pregeo-109,QA 사전좌표 109 library,library,north,,인천광역시 QA구 사전좌표로 109,37.459620,126.558390,synthetic-pregeocoded-north-library
qa-pregeo-110,QA 사전좌표 110 experience-site,experience-site,east,,인천광역시 QA구 사전좌표로 110,37.463720,126.563590,synthetic-pregeocoded-east-experience-site
qa-pregeo-111,QA 사전좌표 111 partner,partner,west,,인천광역시 QA구 사전좌표로 111,37.467820,126.568790,synthetic-pregeocoded-west-partner
qa-pregeo-112,QA 사전좌표 112 imported,imported,unassigned,,인천광역시 QA구 사전좌표로 112,37.320330,126.573990,synthetic-pregeocoded-unassigned-imported
qa-pregeo-113,QA 사전좌표 113 school,school,main,특수학교,인천광역시 QA구 사전좌표로 113,37.324430,126.579190,synthetic-pregeocoded-main-school
qa-pregeo-114,QA 사전좌표 114 headquarters,headquarters,ganghwa,,인천광역시 QA구 사전좌표로 114,37.328530,126.584390,synthetic-pregeocoded-ganghwa-headquarters
qa-pregeo-115,QA 사전좌표 115 support-office,support-office,south,,인천광역시 QA구 사전좌표로 115,37.332630,126.589590,synthetic-pregeocoded-south-support-office
qa-pregeo-116,QA 사전좌표 116 direct-agency,direct-agency,north,,인천광역시 QA구 사전좌표로 116,37.336730,126.594790,synthetic-pregeocoded-north-direct-agency
qa-pregeo-117,QA 사전좌표 117 library,library,east,,인천광역시 QA구 사전좌표로 117,37.340830,126.599990,synthetic-pregeocoded-east-library
qa-pregeo-118,QA 사전좌표 118 experience-site,experience-site,west,,인천광역시 QA구 사전좌표로 118,37.344930,126.605190,synthetic-pregeocoded-west-experience-site
qa-pregeo-119,QA 사전좌표 119 partner,partner,unassigned,,인천광역시 QA구 사전좌표로 119,37.349030,126.610390,synthetic-pregeocoded-unassigned-partner
qa-pregeo-120,QA 사전좌표 120 imported,imported,main,,인천광역시 QA구 사전좌표로 120,37.353130,126.615590,synthetic-pregeocoded-main-imported
qa-pregeo-121,QA 사전좌표 121 school,school,ganghwa,유치원,인천광역시 QA구 사전좌표로 121,37.357230,126.620790,synthetic-pregeocoded-ganghwa-school
qa-pregeo-122,QA 사전좌표 122 headquarters,headquarters,south,,인천광역시 QA구 사전좌표로 122,37.361330,126.625990,synthetic-pregeocoded-south-headquarters
qa-pregeo-123,QA 사전좌표 123 support-office,support-office,north,,인천광역시 QA구 사전좌표로 123,37.365430,126.631190,synthetic-pregeocoded-north-support-office
qa-pregeo-124,QA 사전좌표 124 direct-agency,direct-agency,east,,인천광역시 QA구 사전좌표로 124,37.369530,126.636390,synthetic-pregeocoded-east-direct-agency
qa-pregeo-125,QA 사전좌표 125 library,library,west,,인천광역시 QA구 사전좌표로 125,37.373630,126.480520,synthetic-pregeocoded-west-library
qa-pregeo-126,QA 사전좌표 126 experience-site,experience-site,unassigned,,인천광역시 QA구 사전좌표로 126,37.377730,126.485720,synthetic-pregeocoded-unassigned-experience-site
qa-pregeo-127,QA 사전좌표 127 partner,partner,main,,인천광역시 QA구 사전좌표로 127,37.381830,126.490920,synthetic-pregeocoded-main-partner
qa-pregeo-128,QA 사전좌표 128 imported,imported,ganghwa,,인천광역시 QA구 사전좌표로 128,37.385930,126.496120,synthetic-pregeocoded-ganghwa-imported
qa-pregeo-129,QA 사전좌표 129 school,school,south,중학교,인천광역시 QA구 사전좌표로 129,37.390030,126.501320,synthetic-pregeocoded-south-school
qa-pregeo-130,QA 사전좌표 130 headquarters,headquarters,north,,인천광역시 QA구 사전좌표로 130,37.394130,126.506520,synthetic-pregeocoded-north-headquarters
qa-pregeo-131,QA 사전좌표 131 support-office,support-office,east,,인천광역시 QA구 사전좌표로 131,37.398230,126.511720,synthetic-pregeocoded-east-support-office
qa-pregeo-132,QA 사전좌표 132 direct-agency,direct-agency,west,,인천광역시 QA구 사전좌표로 132,37.402330,126.516920,synthetic-pregeocoded-west-direct-agency
qa-pregeo-133,QA 사전좌표 133 library,library,unassigned,,인천광역시 QA구 사전좌표로 133,37.406430,126.522120,synthetic-pregeocoded-unassigned-library
qa-pregeo-134,QA 사전좌표 134 experience-site,experience-site,main,,인천광역시 QA구 사전좌표로 134,37.410530,126.527320,synthetic-pregeocoded-main-experience-site
qa-pregeo-135,QA 사전좌표 135 partner,partner,ganghwa,,인천광역시 QA구 사전좌표로 135,37.414630,126.532520,synthetic-pregeocoded-ganghwa-partner
qa-pregeo-136,QA 사전좌표 136 imported,imported,south,,인천광역시 QA구 사전좌표로 136,37.418730,126.537720,synthetic-pregeocoded-south-imported
qa-pregeo-137,QA 사전좌표 137 school,school,north,특수학교,인천광역시 QA구 사전좌표로 137,37.422830,126.542920,synthetic-pregeocoded-north-school
qa-pregeo-138,QA 사전좌표 138 headquarters,headquarters,east,,인천광역시 QA구 사전좌표로 138,37.426930,126.548120,synthetic-pregeocoded-east-headquarters
qa-pregeo-139,QA 사전좌표 139 support-office,support-office,west,,인천광역시 QA구 사전좌표로 139,37.431030,126.553320,synthetic-pregeocoded-west-support-office
qa-pregeo-140,QA 사전좌표 140 direct-agency,direct-agency,unassigned,,인천광역시 QA구 사전좌표로 140,37.435130,126.558520,synthetic-pregeocoded-unassigned-direct-agency
qa-pregeo-141,QA 사전좌표 141 library,library,main,,인천광역시 QA구 사전좌표로 141,37.439230,126.563720,synthetic-pregeocoded-main-library
qa-pregeo-142,QA 사전좌표 142 experience-site,experience-site,ganghwa,,인천광역시 QA구 사전좌표로 142,37.443330,126.568920,synthetic-pregeocoded-ganghwa-experience-site
qa-pregeo-143,QA 사전좌표 143 partner,partner,south,,인천광역시 QA구 사전좌표로 143,37.447430,126.574120,synthetic-pregeocoded-south-partner
qa-pregeo-144,QA 사전좌표 144 imported,imported,north,,인천광역시 QA구 사전좌표로 144,37.451530,126.579320,synthetic-pregeocoded-north-imported
qa-pregeo-145,QA 사전좌표 145 school,school,east,유치원,인천광역시 QA구 사전좌표로 145,37.455630,126.584520,synthetic-pregeocoded-east-school
qa-pregeo-146,QA 사전좌표 146 headquarters,headquarters,west,,인천광역시 QA구 사전좌표로 146,37.459730,126.589720,synthetic-pregeocoded-west-headquarters
qa-pregeo-147,QA 사전좌표 147 support-office,support-office,unassigned,,인천광역시 QA구 사전좌표로 147,37.463830,126.594920,synthetic-pregeocoded-unassigned-support-office
qa-pregeo-148,QA 사전좌표 148 direct-agency,direct-agency,main,,인천광역시 QA구 사전좌표로 148,37.467930,126.600120,synthetic-pregeocoded-main-direct-agency
qa-pregeo-149,QA 사전좌표 149 library,library,ganghwa,,인천광역시 QA구 사전좌표로 149,37.320440,126.605320,synthetic-pregeocoded-ganghwa-library
qa-pregeo-150,QA 사전좌표 150 experience-site,experience-site,south,,인천광역시 QA구 사전좌표로 150,37.324540,126.610520,synthetic-pregeocoded-south-experience-site
qa-pregeo-151,QA 사전좌표 151 partner,partner,north,,인천광역시 QA구 사전좌표로 151,37.328640,126.615720,synthetic-pregeocoded-north-partner
qa-pregeo-152,QA 사전좌표 152 imported,imported,east,,인천광역시 QA구 사전좌표로 152,37.332740,126.620920,synthetic-pregeocoded-east-imported
qa-pregeo-153,QA 사전좌표 153 school,school,west,중학교,인천광역시 QA구 사전좌표로 153,37.336840,126.626120,synthetic-pregeocoded-west-school
qa-pregeo-154,QA 사전좌표 154 headquarters,headquarters,unassigned,,인천광역시 QA구 사전좌표로 154,37.340940,126.631320,synthetic-pregeocoded-unassigned-headquarters
qa-pregeo-155,QA 사전좌표 155 support-office,support-office,main,,인천광역시 QA구 사전좌표로 155,37.345040,126.636520,synthetic-pregeocoded-main-support-office
qa-pregeo-156,QA 사전좌표 156 direct-agency,direct-agency,ganghwa,,인천광역시 QA구 사전좌표로 156,37.349140,126.480650,synthetic-pregeocoded-ganghwa-direct-agency
qa-pregeo-157,QA 사전좌표 157 library,library,south,,인천광역시 QA구 사전좌표로 157,37.353240,126.485850,synthetic-pregeocoded-south-library
qa-pregeo-158,QA 사전좌표 158 experience-site,experience-site,north,,인천광역시 QA구 사전좌표로 158,37.357340,126.491050,synthetic-pregeocoded-north-experience-site
qa-pregeo-159,QA 사전좌표 159 partner,partner,east,,인천광역시 QA구 사전좌표로 159,37.361440,126.496250,synthetic-pregeocoded-east-partner
qa-pregeo-160,QA 사전좌표 160 imported,imported,west,,인천광역시 QA구 사전좌표로 160,37.365540,126.501450,synthetic-pregeocoded-west-imported
qa-pregeo-161,QA 사전좌표 161 school,school,unassigned,특수학교,인천광역시 QA구 사전좌표로 161,37.369640,126.506650,synthetic-pregeocoded-unassigned-school
qa-pregeo-162,QA 사전좌표 162 headquarters,headquarters,main,,인천광역시 QA구 사전좌표로 162,37.373740,126.511850,synthetic-pregeocoded-main-headquarters
qa-pregeo-163,QA 사전좌표 163 support-office,support-office,ganghwa,,인천광역시 QA구 사전좌표로 163,37.377840,126.517050,synthetic-pregeocoded-ganghwa-support-office
qa-pregeo-164,QA 사전좌표 164 direct-agency,direct-agency,south,,인천광역시 QA구 사전좌표로 164,37.381940,126.522250,synthetic-pregeocoded-south-direct-agency
qa-pregeo-165,QA 사전좌표 165 library,library,north,,인천광역시 QA구 사전좌표로 165,37.386040,126.527450,synthetic-pregeocoded-north-library
qa-pregeo-166,QA 사전좌표 166 experience-site,experience-site,east,,인천광역시 QA구 사전좌표로 166,37.390140,126.532650,synthetic-pregeocoded-east-experience-site
qa-pregeo-167,QA 사전좌표 167 partner,partner,west,,인천광역시 QA구 사전좌표로 167,37.394240,126.537850,synthetic-pregeocoded-west-partner
qa-pregeo-168,QA 사전좌표 168 imported,imported,unassigned,,인천광역시 QA구 사전좌표로 168,37.398340,126.543050,synthetic-pregeocoded-unassigned-imported
qa-pregeo-169,QA 사전좌표 169 school,school,main,유치원,인천광역시 QA구 사전좌표로 169,37.402440,126.548250,synthetic-pregeocoded-main-school
qa-pregeo-170,QA 사전좌표 170 headquarters,headquarters,ganghwa,,인천광역시 QA구 사전좌표로 170,37.406540,126.553450,synthetic-pregeocoded-ganghwa-headquarters
qa-pregeo-171,QA 사전좌표 171 support-office,support-office,south,,인천광역시 QA구 사전좌표로 171,37.410640,126.558650,synthetic-pregeocoded-south-support-office
qa-pregeo-172,QA 사전좌표 172 direct-agency,direct-agency,north,,인천광역시 QA구 사전좌표로 172,37.414740,126.563850,synthetic-pregeocoded-north-direct-agency
qa-pregeo-173,QA 사전좌표 173 library,library,east,,인천광역시 QA구 사전좌표로 173,37.418840,126.569050,synthetic-pregeocoded-east-library
qa-pregeo-174,QA 사전좌표 174 experience-site,experience-site,west,,인천광역시 QA구 사전좌표로 174,37.422940,126.574250,synthetic-pregeocoded-west-experience-site
qa-pregeo-175,QA 사전좌표 175 partner,partner,unassigned,,인천광역시 QA구 사전좌표로 175,37.427040,126.579450,synthetic-pregeocoded-unassigned-partner
qa-pregeo-176,QA 사전좌표 176 imported,imported,main,,인천광역시 QA구 사전좌표로 176,37.431140,126.584650,synthetic-pregeocoded-main-imported
qa-pregeo-177,QA 사전좌표 177 school,school,ganghwa,중학교,인천광역시 QA구 사전좌표로 177,37.435240,126.589850,synthetic-pregeocoded-ganghwa-school
qa-pregeo-178,QA 사전좌표 178 headquarters,headquarters,south,,인천광역시 QA구 사전좌표로 178,37.439340,126.595050,synthetic-pregeocoded-south-headquarters
qa-pregeo-179,QA 사전좌표 179 support-office,support-office,north,,인천광역시 QA구 사전좌표로 179,37.443440,126.600250,synthetic-pregeocoded-north-support-office
qa-pregeo-180,QA 사전좌표 180 direct-agency,direct-agency,east,,인천광역시 QA구 사전좌표로 180,37.447540,126.605450,synthetic-pregeocoded-east-direct-agency
qa-pregeo-181,QA 사전좌표 181 library,library,west,,인천광역시 QA구 사전좌표로 181,37.451640,126.610650,synthetic-pregeocoded-west-library
qa-pregeo-182,QA 사전좌표 182 experience-site,experience-site,unassigned,,인천광역시 QA구 사전좌표로 182,37.455740,126.615850,synthetic-pregeocoded-unassigned-experience-site
qa-pregeo-183,QA 사전좌표 183 partner,partner,main,,인천광역시 QA구 사전좌표로 183,37.459840,126.621050,synthetic-pregeocoded-main-partner
qa-pregeo-184,QA 사전좌표 184 imported,imported,ganghwa,,인천광역시 QA구 사전좌표로 184,37.463940,126.626250,synthetic-pregeocoded-ganghwa-imported
qa-pregeo-185,QA 사전좌표 185 school,school,south,특수학교,인천광역시 QA구 사전좌표로 185,37.468040,126.631450,synthetic-pregeocoded-south-school
qa-pregeo-186,QA 사전좌표 186 headquarters,headquarters,north,,인천광역시 QA구 사전좌표로 186,37.320550,126.636650,synthetic-pregeocoded-north-headquarters
qa-pregeo-187,QA 사전좌표 187 support-office,support-office,east,,인천광역시 QA구 사전좌표로 187,37.324650,126.480780,synthetic-pregeocoded-east-support-office
qa-pregeo-188,QA 사전좌표 188 direct-agency,direct-agency,west,,인천광역시 QA구 사전좌표로 188,37.328750,126.485980,synthetic-pregeocoded-west-direct-agency
qa-pregeo-189,QA 사전좌표 189 library,library,unassigned,,인천광역시 QA구 사전좌표로 189,37.332850,126.491180,synthetic-pregeocoded-unassigned-library
qa-pregeo-190,QA 사전좌표 190 experience-site,experience-site,main,,인천광역시 QA구 사전좌표로 190,37.336950,126.496380,synthetic-pregeocoded-main-experience-site
qa-pregeo-191,QA 사전좌표 191 partner,partner,ganghwa,,인천광역시 QA구 사전좌표로 191,37.341050,126.501580,synthetic-pregeocoded-ganghwa-partner
qa-pregeo-192,QA 사전좌표 192 imported,imported,south,,인천광역시 QA구 사전좌표로 192,37.345150,126.506780,synthetic-pregeocoded-south-imported
qa-pregeo-193,QA 사전좌표 193 school,school,north,유치원,인천광역시 QA구 사전좌표로 193,37.349250,126.511980,synthetic-pregeocoded-north-school
qa-pregeo-194,QA 사전좌표 194 headquarters,headquarters,east,,인천광역시 QA구 사전좌표로 194,37.353350,126.517180,synthetic-pregeocoded-east-headquarters
qa-pregeo-195,QA 사전좌표 195 support-office,support-office,west,,인천광역시 QA구 사전좌표로 195,37.357450,126.522380,synthetic-pregeocoded-west-support-office
qa-pregeo-196,QA 사전좌표 196 direct-agency,direct-agency,unassigned,,인천광역시 QA구 사전좌표로 196,37.361550,126.527580,synthetic-pregeocoded-unassigned-direct-agency
qa-pregeo-197,QA 사전좌표 197 library,library,main,,인천광역시 QA구 사전좌표로 197,37.365650,126.532780,synthetic-pregeocoded-main-library
qa-pregeo-198,QA 사전좌표 198 experience-site,experience-site,ganghwa,,인천광역시 QA구 사전좌표로 198,37.369750,126.537980,synthetic-pregeocoded-ganghwa-experience-site
qa-pregeo-199,QA 사전좌표 199 partner,partner,south,,인천광역시 QA구 사전좌표로 199,37.373850,126.543180,synthetic-pregeocoded-south-partner
qa-pregeo-200,QA 사전좌표 200 imported,imported,north,,인천광역시 QA구 사전좌표로 200,37.377950,126.548380,synthetic-pregeocoded-north-imported
qa-pregeo-201,QA 사전좌표 201 school,school,east,중학교,인천광역시 QA구 사전좌표로 201,37.382050,126.553580,synthetic-pregeocoded-east-school
qa-pregeo-202,QA 사전좌표 202 headquarters,headquarters,west,,인천광역시 QA구 사전좌표로 202,37.386150,126.558780,synthetic-pregeocoded-west-headquarters
qa-pregeo-203,QA 사전좌표 203 support-office,support-office,unassigned,,인천광역시 QA구 사전좌표로 203,37.390250,126.563980,synthetic-pregeocoded-unassigned-support-office
qa-pregeo-204,QA 사전좌표 204 direct-agency,direct-agency,main,,인천광역시 QA구 사전좌표로 204,37.394350,126.569180,synthetic-pregeocoded-main-direct-agency
qa-pregeo-205,QA 사전좌표 205 library,library,ganghwa,,인천광역시 QA구 사전좌표로 205,37.398450,126.574380,synthetic-pregeocoded-ganghwa-library
qa-pregeo-206,QA 사전좌표 206 experience-site,experience-site,south,,인천광역시 QA구 사전좌표로 206,37.402550,126.579580,synthetic-pregeocoded-south-experience-site
qa-pregeo-207,QA 사전좌표 207 partner,partner,north,,인천광역시 QA구 사전좌표로 207,37.406650,126.584780,synthetic-pregeocoded-north-partner
qa-pregeo-208,QA 사전좌표 208 imported,imported,east,,인천광역시 QA구 사전좌표로 208,37.410750,126.589980,synthetic-pregeocoded-east-imported
qa-pregeo-209,QA 사전좌표 209 school,school,west,특수학교,인천광역시 QA구 사전좌표로 209,37.414850,126.595180,synthetic-pregeocoded-west-school
qa-pregeo-210,QA 사전좌표 210 headquarters,headquarters,unassigned,,인천광역시 QA구 사전좌표로 210,37.418950,126.600380,synthetic-pregeocoded-unassigned-headquarters
qa-pregeo-211,QA 사전좌표 211 support-office,support-office,main,,인천광역시 QA구 사전좌표로 211,37.423050,126.605580,synthetic-pregeocoded-main-support-office
qa-pregeo-212,QA 사전좌표 212 direct-agency,direct-agency,ganghwa,,인천광역시 QA구 사전좌표로 212,37.427150,126.610780,synthetic-pregeocoded-ganghwa-direct-agency
qa-pregeo-213,QA 사전좌표 213 library,library,south,,인천광역시 QA구 사전좌표로 213,37.431250,126.615980,synthetic-pregeocoded-south-library
qa-pregeo-214,QA 사전좌표 214 experience-site,experience-site,north,,인천광역시 QA구 사전좌표로 214,37.435350,126.621180,synthetic-pregeocoded-north-experience-site
qa-pregeo-215,QA 사전좌표 215 partner,partner,east,,인천광역시 QA구 사전좌표로 215,37.439450,126.626380,synthetic-pregeocoded-east-partner
qa-pregeo-216,QA 사전좌표 216 imported,imported,west,,인천광역시 QA구 사전좌표로 216,37.443550,126.631580,synthetic-pregeocoded-west-imported
qa-pregeo-217,QA 사전좌표 217 school,school,unassigned,유치원,인천광역시 QA구 사전좌표로 217,37.447650,126.636780,synthetic-pregeocoded-unassigned-school
qa-pregeo-218,QA 사전좌표 218 headquarters,headquarters,main,,인천광역시 QA구 사전좌표로 218,37.451750,126.480910,synthetic-pregeocoded-main-headquarters
qa-pregeo-219,QA 사전좌표 219 support-office,support-office,ganghwa,,인천광역시 QA구 사전좌표로 219,37.455850,126.486110,synthetic-pregeocoded-ganghwa-support-office
qa-pregeo-220,QA 사전좌표 220 direct-agency,direct-agency,south,,인천광역시 QA구 사전좌표로 220,37.459950,126.491310,synthetic-pregeocoded-south-direct-agency
qa-pregeo-221,QA 사전좌표 221 library,library,north,,인천광역시 QA구 사전좌표로 221,37.464050,126.496510,synthetic-pregeocoded-north-library
qa-pregeo-222,QA 사전좌표 222 experience-site,experience-site,east,,인천광역시 QA구 사전좌표로 222,37.468150,126.501710,synthetic-pregeocoded-east-experience-site
qa-pregeo-223,QA 사전좌표 223 partner,partner,west,,인천광역시 QA구 사전좌표로 223,37.320660,126.506910,synthetic-pregeocoded-west-partner
qa-pregeo-224,QA 사전좌표 224 imported,imported,unassigned,,인천광역시 QA구 사전좌표로 224,37.324760,126.512110,synthetic-pregeocoded-unassigned-imported
qa-pregeo-225,QA 사전좌표 225 school,school,main,중학교,인천광역시 QA구 사전좌표로 225,37.328860,126.517310,synthetic-pregeocoded-main-school
qa-pregeo-226,QA 사전좌표 226 headquarters,headquarters,ganghwa,,인천광역시 QA구 사전좌표로 226,37.332960,126.522510,synthetic-pregeocoded-ganghwa-headquarters
qa-pregeo-227,QA 사전좌표 227 support-office,support-office,south,,인천광역시 QA구 사전좌표로 227,37.337060,126.527710,synthetic-pregeocoded-south-support-office
qa-pregeo-228,QA 사전좌표 228 direct-agency,direct-agency,north,,인천광역시 QA구 사전좌표로 228,37.341160,126.532910,synthetic-pregeocoded-north-direct-agency
qa-pregeo-229,QA 사전좌표 229 library,library,east,,인천광역시 QA구 사전좌표로 229,37.345260,126.538110,synthetic-pregeocoded-east-library
qa-pregeo-230,QA 사전좌표 230 experience-site,experience-site,west,,인천광역시 QA구 사전좌표로 230,37.349360,126.543310,synthetic-pregeocoded-west-experience-site
qa-pregeo-231,QA 사전좌표 231 partner,partner,unassigned,,인천광역시 QA구 사전좌표로 231,37.353460,126.548510,synthetic-pregeocoded-unassigned-partner
qa-pregeo-232,QA 사전좌표 232 imported,imported,main,,인천광역시 QA구 사전좌표로 232,37.357560,126.553710,synthetic-pregeocoded-main-imported
qa-pregeo-233,QA 사전좌표 233 school,school,ganghwa,특수학교,인천광역시 QA구 사전좌표로 233,37.361660,126.558910,synthetic-pregeocoded-ganghwa-school
qa-pregeo-234,QA 사전좌표 234 headquarters,headquarters,south,,인천광역시 QA구 사전좌표로 234,37.365760,126.564110,synthetic-pregeocoded-south-headquarters
qa-pregeo-235,QA 사전좌표 235 support-office,support-office,north,,인천광역시 QA구 사전좌표로 235,37.369860,126.569310,synthetic-pregeocoded-north-support-office
qa-pregeo-236,QA 사전좌표 236 direct-agency,direct-agency,east,,인천광역시 QA구 사전좌표로 236,37.373960,126.574510,synthetic-pregeocoded-east-direct-agency
qa-pregeo-237,QA 사전좌표 237 library,library,west,,인천광역시 QA구 사전좌표로 237,37.378060,126.579710,synthetic-pregeocoded-west-library
qa-pregeo-238,QA 사전좌표 238 experience-site,experience-site,unassigned,,인천광역시 QA구 사전좌표로 238,37.382160,126.584910,synthetic-pregeocoded-unassigned-experience-site
qa-pregeo-239,QA 사전좌표 239 partner,partner,main,,인천광역시 QA구 사전좌표로 239,37.386260,126.590110,synthetic-pregeocoded-main-partner
qa-pregeo-240,QA 사전좌표 240 imported,imported,ganghwa,,인천광역시 QA구 사전좌표로 240,37.390360,126.595310,synthetic-pregeocoded-ganghwa-imported
qa-pregeo-241,QA 사전좌표 241 school,school,south,유치원,인천광역시 QA구 사전좌표로 241,37.394460,126.600510,synthetic-pregeocoded-south-school
qa-pregeo-242,QA 사전좌표 242 headquarters,headquarters,north,,인천광역시 QA구 사전좌표로 242,37.398560,126.605710,synthetic-pregeocoded-north-headquarters
qa-pregeo-243,QA 사전좌표 243 support-office,support-office,east,,인천광역시 QA구 사전좌표로 243,37.402660,126.610910,synthetic-pregeocoded-east-support-office
qa-pregeo-244,QA 사전좌표 244 direct-agency,direct-agency,west,,인천광역시 QA구 사전좌표로 244,37.406760,126.616110,synthetic-pregeocoded-west-direct-agency
qa-pregeo-245,QA 사전좌표 245 library,library,unassigned,,인천광역시 QA구 사전좌표로 245,37.410860,126.621310,synthetic-pregeocoded-unassigned-library
qa-pregeo-246,QA 사전좌표 246 experience-site,experience-site,main,,인천광역시 QA구 사전좌표로 246,37.414960,126.626510,synthetic-pregeocoded-main-experience-site
qa-pregeo-247,QA 사전좌표 247 partner,partner,ganghwa,,인천광역시 QA구 사전좌표로 247,37.419060,126.631710,synthetic-pregeocoded-ganghwa-partner
qa-pregeo-248,QA 사전좌표 248 imported,imported,south,,인천광역시 QA구 사전좌표로 248,37.423160,126.636910,synthetic-pregeocoded-south-imported
qa-pregeo-249,QA 사전좌표 249 school,school,north,중학교,인천광역시 QA구 사전좌표로 249,37.427260,126.481040,synthetic-pregeocoded-north-school
qa-pregeo-250,QA 사전좌표 250 headquarters,headquarters,east,,인천광역시 QA구 사전좌표로 250,37.431360,126.486240,synthetic-pregeocoded-east-headquarters
qa-pregeo-251,QA 사전좌표 251 support-office,support-office,west,,인천광역시 QA구 사전좌표로 251,37.435460,126.491440,synthetic-pregeocoded-west-support-office
qa-pregeo-252,QA 사전좌표 252 direct-agency,direct-agency,unassigned,,인천광역시 QA구 사전좌표로 252,37.439560,126.496640,synthetic-pregeocoded-unassigned-direct-agency
qa-pregeo-253,QA 사전좌표 253 library,library,main,,인천광역시 QA구 사전좌표로 253,37.443660,126.501840,synthetic-pregeocoded-main-library
qa-pregeo-254,QA 사전좌표 254 experience-site,experience-site,ganghwa,,인천광역시 QA구 사전좌표로 254,37.447760,126.507040,synthetic-pregeocoded-ganghwa-experience-site
qa-pregeo-255,QA 사전좌표 255 partner,partner,south,,인천광역시 QA구 사전좌표로 255,37.451860,126.512240,synthetic-pregeocoded-south-partner
qa-pregeo-256,QA 사전좌표 256 imported,imported,north,,인천광역시 QA구 사전좌표로 256,37.455960,126.517440,synthetic-pregeocoded-north-imported
qa-pregeo-257,QA 사전좌표 257 school,school,east,특수학교,인천광역시 QA구 사전좌표로 257,37.460060,126.522640,synthetic-pregeocoded-east-school
qa-pregeo-258,QA 사전좌표 258 headquarters,headquarters,west,,인천광역시 QA구 사전좌표로 258,37.464160,126.527840,synthetic-pregeocoded-west-headquarters
qa-pregeo-259,QA 사전좌표 259 support-office,support-office,unassigned,,인천광역시 QA구 사전좌표로 259,37.468260,126.533040,synthetic-pregeocoded-unassigned-support-office
qa-pregeo-260,QA 사전좌표 260 direct-agency,direct-agency,main,,인천광역시 QA구 사전좌표로 260,37.320770,126.538240,synthetic-pregeocoded-main-direct-agency
qa-pregeo-261,QA 사전좌표 261 library,library,ganghwa,,인천광역시 QA구 사전좌표로 261,37.324870,126.543440,synthetic-pregeocoded-ganghwa-library
qa-pregeo-262,QA 사전좌표 262 experience-site,experience-site,south,,인천광역시 QA구 사전좌표로 262,37.328970,126.548640,synthetic-pregeocoded-south-experience-site
qa-pregeo-263,QA 사전좌표 263 partner,partner,north,,인천광역시 QA구 사전좌표로 263,37.333070,126.553840,synthetic-pregeocoded-north-partner
qa-pregeo-264,QA 사전좌표 264 imported,imported,east,,인천광역시 QA구 사전좌표로 264,37.337170,126.559040,synthetic-pregeocoded-east-imported
qa-pregeo-265,QA 사전좌표 265 school,school,west,유치원,인천광역시 QA구 사전좌표로 265,37.341270,126.564240,synthetic-pregeocoded-west-school
qa-pregeo-266,QA 사전좌표 266 headquarters,headquarters,unassigned,,인천광역시 QA구 사전좌표로 266,37.345370,126.569440,synthetic-pregeocoded-unassigned-headquarters
qa-pregeo-267,QA 사전좌표 267 support-office,support-office,main,,인천광역시 QA구 사전좌표로 267,37.349470,126.574640,synthetic-pregeocoded-main-support-office
qa-pregeo-268,QA 사전좌표 268 direct-agency,direct-agency,ganghwa,,인천광역시 QA구 사전좌표로 268,37.353570,126.579840,synthetic-pregeocoded-ganghwa-direct-agency
qa-pregeo-269,QA 사전좌표 269 library,library,south,,인천광역시 QA구 사전좌표로 269,37.357670,126.585040,synthetic-pregeocoded-south-library
qa-pregeo-270,QA 사전좌표 270 experience-site,experience-site,north,,인천광역시 QA구 사전좌표로 270,37.361770,126.590240,synthetic-pregeocoded-north-experience-site
qa-pregeo-271,QA 사전좌표 271 partner,partner,east,,인천광역시 QA구 사전좌표로 271,37.365870,126.595440,synthetic-pregeocoded-east-partner
qa-pregeo-272,QA 사전좌표 272 imported,imported,west,,인천광역시 QA구 사전좌표로 272,37.369970,126.600640,synthetic-pregeocoded-west-imported
qa-pregeo-273,QA 사전좌표 273 school,school,unassigned,중학교,인천광역시 QA구 사전좌표로 273,37.374070,126.605840,synthetic-pregeocoded-unassigned-school
qa-pregeo-274,QA 사전좌표 274 headquarters,headquarters,main,,인천광역시 QA구 사전좌표로 274,37.378170,126.611040,synthetic-pregeocoded-main-headquarters
qa-pregeo-275,QA 사전좌표 275 support-office,support-office,ganghwa,,인천광역시 QA구 사전좌표로 275,37.382270,126.616240,synthetic-pregeocoded-ganghwa-support-office
qa-pregeo-276,QA 사전좌표 276 direct-agency,direct-agency,south,,인천광역시 QA구 사전좌표로 276,37.386370,126.621440,synthetic-pregeocoded-south-direct-agency
qa-pregeo-277,QA 사전좌표 277 library,library,north,,인천광역시 QA구 사전좌표로 277,37.390470,126.626640,synthetic-pregeocoded-north-library
qa-pregeo-278,QA 사전좌표 278 experience-site,experience-site,east,,인천광역시 QA구 사전좌표로 278,37.394570,126.631840,synthetic-pregeocoded-east-experience-site
qa-pregeo-279,QA 사전좌표 279 partner,partner,west,,인천광역시 QA구 사전좌표로 279,37.398670,126.637040,synthetic-pregeocoded-west-partner
qa-pregeo-280,QA 사전좌표 280 imported,imported,unassigned,,인천광역시 QA구 사전좌표로 280,37.402770,126.481170,synthetic-pregeocoded-unassigned-imported
qa-pregeo-281,QA 사전좌표 281 school,school,main,특수학교,인천광역시 QA구 사전좌표로 281,37.406870,126.486370,synthetic-pregeocoded-main-school
qa-pregeo-282,QA 사전좌표 282 headquarters,headquarters,ganghwa,,인천광역시 QA구 사전좌표로 282,37.410970,126.491570,synthetic-pregeocoded-ganghwa-headquarters
qa-pregeo-283,QA 사전좌표 283 support-office,support-office,south,,인천광역시 QA구 사전좌표로 283,37.415070,126.496770,synthetic-pregeocoded-south-support-office
qa-pregeo-284,QA 사전좌표 284 direct-agency,direct-agency,north,,인천광역시 QA구 사전좌표로 284,37.419170,126.501970,synthetic-pregeocoded-north-direct-agency
qa-pregeo-285,QA 사전좌표 285 library,library,east,,인천광역시 QA구 사전좌표로 285,37.423270,126.507170,synthetic-pregeocoded-east-library
qa-pregeo-286,QA 사전좌표 286 experience-site,experience-site,west,,인천광역시 QA구 사전좌표로 286,37.427370,126.512370,synthetic-pregeocoded-west-experience-site
qa-pregeo-287,QA 사전좌표 287 partner,partner,unassigned,,인천광역시 QA구 사전좌표로 287,37.431470,126.517570,synthetic-pregeocoded-unassigned-partner
qa-pregeo-288,QA 사전좌표 288 imported,imported,main,,인천광역시 QA구 사전좌표로 288,37.435570,126.522770,synthetic-pregeocoded-main-imported
qa-pregeo-289,QA 사전좌표 289 school,school,ganghwa,유치원,인천광역시 QA구 사전좌표로 289,37.439670,126.527970,synthetic-pregeocoded-ganghwa-school
qa-pregeo-290,QA 사전좌표 290 headquarters,headquarters,south,,인천광역시 QA구 사전좌표로 290,37.443770,126.533170,synthetic-pregeocoded-south-headquarters
qa-pregeo-291,QA 사전좌표 291 support-office,support-office,north,,인천광역시 QA구 사전좌표로 291,37.447870,126.538370,synthetic-pregeocoded-north-support-office
qa-pregeo-292,QA 사전좌표 292 direct-agency,direct-agency,east,,인천광역시 QA구 사전좌표로 292,37.451970,126.543570,synthetic-pregeocoded-east-direct-agency
qa-pregeo-293,QA 사전좌표 293 library,library,west,,인천광역시 QA구 사전좌표로 293,37.456070,126.548770,synthetic-pregeocoded-west-library
qa-pregeo-294,QA 사전좌표 294 experience-site,experience-site,unassigned,,인천광역시 QA구 사전좌표로 294,37.460170,126.553970,synthetic-pregeocoded-unassigned-experience-site
qa-pregeo-295,QA 사전좌표 295 partner,partner,main,,인천광역시 QA구 사전좌표로 295,37.464270,126.559170,synthetic-pregeocoded-main-partner
qa-pregeo-296,QA 사전좌표 296 imported,imported,ganghwa,,인천광역시 QA구 사전좌표로 296,37.468370,126.564370,synthetic-pregeocoded-ganghwa-imported
qa-pregeo-297,QA 사전좌표 297 school,school,south,중학교,인천광역시 QA구 사전좌표로 297,37.320880,126.569570,synthetic-pregeocoded-south-school
qa-pregeo-298,QA 사전좌표 298 headquarters,headquarters,north,,인천광역시 QA구 사전좌표로 298,37.324980,126.574770,synthetic-pregeocoded-north-headquarters
qa-pregeo-299,QA 사전좌표 299 support-office,support-office,east,,인천광역시 QA구 사전좌표로 299,37.329080,126.579970,synthetic-pregeocoded-east-support-office
qa-pregeo-300,QA 사전좌표 300 direct-agency,direct-agency,west,,인천광역시 QA구 사전좌표로 300,37.333180,126.585170,synthetic-pregeocoded-west-direct-agency
qa-pregeo-301,QA 사전좌표 301 library,library,unassigned,,인천광역시 QA구 사전좌표로 301,37.337280,126.590370,synthetic-pregeocoded-unassigned-library
qa-pregeo-302,QA 사전좌표 302 experience-site,experience-site,main,,인천광역시 QA구 사전좌표로 302,37.341380,126.595570,synthetic-pregeocoded-main-experience-site
qa-pregeo-303,QA 사전좌표 303 partner,partner,ganghwa,,인천광역시 QA구 사전좌표로 303,37.345480,126.600770,synthetic-pregeocoded-ganghwa-partner
qa-pregeo-304,QA 사전좌표 304 imported,imported,south,,인천광역시 QA구 사전좌표로 304,37.349580,126.605970,synthetic-pregeocoded-south-imported
qa-pregeo-305,QA 사전좌표 305 school,school,north,특수학교,인천광역시 QA구 사전좌표로 305,37.353680,126.611170,synthetic-pregeocoded-north-school
qa-pregeo-306,QA 사전좌표 306 headquarters,headquarters,east,,인천광역시 QA구 사전좌표로 306,37.357780,126.616370,synthetic-pregeocoded-east-headquarters
qa-pregeo-307,QA 사전좌표 307 support-office,support-office,west,,인천광역시 QA구 사전좌표로 307,37.361880,126.621570,synthetic-pregeocoded-west-support-office
qa-pregeo-308,QA 사전좌표 308 direct-agency,direct-agency,unassigned,,인천광역시 QA구 사전좌표로 308,37.365980,126.626770,synthetic-pregeocoded-unassigned-direct-agency
qa-pregeo-309,QA 사전좌표 309 library,library,main,,인천광역시 QA구 사전좌표로 309,37.370080,126.631970,synthetic-pregeocoded-main-library
qa-pregeo-310,QA 사전좌표 310 experience-site,experience-site,ganghwa,,인천광역시 QA구 사전좌표로 310,37.374180,126.637170,synthetic-pregeocoded-ganghwa-experience-site
qa-pregeo-311,QA 사전좌표 311 partner,partner,south,,인천광역시 QA구 사전좌표로 311,37.378280,126.481300,synthetic-pregeocoded-south-partner
qa-pregeo-312,QA 사전좌표 312 imported,imported,north,,인천광역시 QA구 사전좌표로 312,37.382380,126.486500,synthetic-pregeocoded-north-imported
qa-pregeo-313,QA 사전좌표 313 school,school,east,유치원,인천광역시 QA구 사전좌표로 313,37.386480,126.491700,synthetic-pregeocoded-east-school
qa-pregeo-314,QA 사전좌표 314 headquarters,headquarters,west,,인천광역시 QA구 사전좌표로 314,37.390580,126.496900,synthetic-pregeocoded-west-headquarters
qa-pregeo-315,QA 사전좌표 315 support-office,support-office,unassigned,,인천광역시 QA구 사전좌표로 315,37.394680,126.502100,synthetic-pregeocoded-unassigned-support-office
qa-pregeo-316,QA 사전좌표 316 direct-agency,direct-agency,main,,인천광역시 QA구 사전좌표로 316,37.398780,126.507300,synthetic-pregeocoded-main-direct-agency
qa-pregeo-317,QA 사전좌표 317 library,library,ganghwa,,인천광역시 QA구 사전좌표로 317,37.402880,126.512500,synthetic-pregeocoded-ganghwa-library
qa-pregeo-318,QA 사전좌표 318 experience-site,experience-site,south,,인천광역시 QA구 사전좌표로 318,37.406980,126.517700,synthetic-pregeocoded-south-experience-site
qa-pregeo-319,QA 사전좌표 319 partner,partner,north,,인천광역시 QA구 사전좌표로 319,37.411080,126.522900,synthetic-pregeocoded-north-partner
qa-pregeo-320,QA 사전좌표 320 imported,imported,east,,인천광역시 QA구 사전좌표로 320,37.415180,126.528100,synthetic-pregeocoded-east-imported
qa-pregeo-321,QA 사전좌표 321 school,school,west,중학교,인천광역시 QA구 사전좌표로 321,37.419280,126.533300,synthetic-pregeocoded-west-school
qa-pregeo-322,QA 사전좌표 322 headquarters,headquarters,unassigned,,인천광역시 QA구 사전좌표로 322,37.423380,126.538500,synthetic-pregeocoded-unassigned-headquarters
qa-pregeo-323,QA 사전좌표 323 support-office,support-office,main,,인천광역시 QA구 사전좌표로 323,37.427480,126.543700,synthetic-pregeocoded-main-support-office
qa-pregeo-324,QA 사전좌표 324 direct-agency,direct-agency,ganghwa,,인천광역시 QA구 사전좌표로 324,37.431580,126.548900,synthetic-pregeocoded-ganghwa-direct-agency
qa-pregeo-325,QA 사전좌표 325 library,library,south,,인천광역시 QA구 사전좌표로 325,37.435680,126.554100,synthetic-pregeocoded-south-library
qa-pregeo-326,QA 사전좌표 326 experience-site,experience-site,north,,인천광역시 QA구 사전좌표로 326,37.439780,126.559300,synthetic-pregeocoded-north-experience-site
qa-pregeo-327,QA 사전좌표 327 partner,partner,east,,인천광역시 QA구 사전좌표로 327,37.443880,126.564500,synthetic-pregeocoded-east-partner
qa-pregeo-328,QA 사전좌표 328 imported,imported,west,,인천광역시 QA구 사전좌표로 328,37.447980,126.569700,synthetic-pregeocoded-west-imported
qa-pregeo-329,QA 사전좌표 329 school,school,unassigned,특수학교,인천광역시 QA구 사전좌표로 329,37.452080,126.574900,synthetic-pregeocoded-unassigned-school
qa-pregeo-330,QA 사전좌표 330 headquarters,headquarters,main,,인천광역시 QA구 사전좌표로 330,37.456180,126.580100,synthetic-pregeocoded-main-headquarters
qa-pregeo-331,QA 사전좌표 331 support-office,support-office,ganghwa,,인천광역시 QA구 사전좌표로 331,37.460280,126.585300,synthetic-pregeocoded-ganghwa-support-office
qa-pregeo-332,QA 사전좌표 332 direct-agency,direct-agency,south,,인천광역시 QA구 사전좌표로 332,37.464380,126.590500,synthetic-pregeocoded-south-direct-agency
qa-pregeo-333,QA 사전좌표 333 library,library,north,,인천광역시 QA구 사전좌표로 333,37.468480,126.595700,synthetic-pregeocoded-north-library
qa-pregeo-334,QA 사전좌표 334 experience-site,experience-site,east,,인천광역시 QA구 사전좌표로 334,37.320990,126.600900,synthetic-pregeocoded-east-experience-site
qa-pregeo-335,QA 사전좌표 335 partner,partner,west,,인천광역시 QA구 사전좌표로 335,37.325090,126.606100,synthetic-pregeocoded-west-partner
qa-pregeo-336,QA 사전좌표 336 imported,imported,unassigned,,인천광역시 QA구 사전좌표로 336,37.329190,126.611300,synthetic-pregeocoded-unassigned-imported
qa-pregeo-337,QA 사전좌표 337 school,school,main,유치원,인천광역시 QA구 사전좌표로 337,37.333290,126.616500,synthetic-pregeocoded-main-school
qa-pregeo-338,QA 사전좌표 338 headquarters,headquarters,ganghwa,,인천광역시 QA구 사전좌표로 338,37.337390,126.621700,synthetic-pregeocoded-ganghwa-headquarters
qa-pregeo-339,QA 사전좌표 339 support-office,support-office,south,,인천광역시 QA구 사전좌표로 339,37.341490,126.626900,synthetic-pregeocoded-south-support-office
qa-pregeo-340,QA 사전좌표 340 direct-agency,direct-agency,north,,인천광역시 QA구 사전좌표로 340,37.345590,126.632100,synthetic-pregeocoded-north-direct-agency
qa-pregeo-341,QA 사전좌표 341 library,library,east,,인천광역시 QA구 사전좌표로 341,37.349690,126.637300,synthetic-pregeocoded-east-library
qa-pregeo-342,QA 사전좌표 342 experience-site,experience-site,west,,인천광역시 QA구 사전좌표로 342,37.353790,126.481430,synthetic-pregeocoded-west-experience-site
qa-pregeo-343,QA 사전좌표 343 partner,partner,unassigned,,인천광역시 QA구 사전좌표로 343,37.357890,126.486630,synthetic-pregeocoded-unassigned-partner
qa-pregeo-344,QA 사전좌표 344 imported,imported,main,,인천광역시 QA구 사전좌표로 344,37.361990,126.491830,synthetic-pregeocoded-main-imported
qa-pregeo-345,QA 사전좌표 345 school,school,ganghwa,중학교,인천광역시 QA구 사전좌표로 345,37.366090,126.497030,synthetic-pregeocoded-ganghwa-school
qa-pregeo-346,QA 사전좌표 346 headquarters,headquarters,south,,인천광역시 QA구 사전좌표로 346,37.370190,126.502230,synthetic-pregeocoded-south-headquarters
qa-pregeo-347,QA 사전좌표 347 support-office,support-office,north,,인천광역시 QA구 사전좌표로 347,37.374290,126.507430,synthetic-pregeocoded-north-support-office
qa-pregeo-348,QA 사전좌표 348 direct-agency,direct-agency,east,,인천광역시 QA구 사전좌표로 348,37.378390,126.512630,synthetic-pregeocoded-east-direct-agency
qa-pregeo-349,QA 사전좌표 349 library,library,west,,인천광역시 QA구 사전좌표로 349,37.382490,126.517830,synthetic-pregeocoded-west-library
qa-pregeo-350,QA 사전좌표 350 experience-site,experience-site,unassigned,,인천광역시 QA구 사전좌표로 350,37.386590,126.523030,synthetic-pregeocoded-unassigned-experience-site
qa-pregeo-351,QA 사전좌표 351 partner,partner,main,,인천광역시 QA구 사전좌표로 351,37.390690,126.528230,synthetic-pregeocoded-main-partner
qa-pregeo-352,QA 사전좌표 352 imported,imported,ganghwa,,인천광역시 QA구 사전좌표로 352,37.394790,126.533430,synthetic-pregeocoded-ganghwa-imported
qa-pregeo-353,QA 사전좌표 353 school,school,south,특수학교,인천광역시 QA구 사전좌표로 353,37.398890,126.538630,synthetic-pregeocoded-south-school
qa-pregeo-354,QA 사전좌표 354 headquarters,headquarters,north,,인천광역시 QA구 사전좌표로 354,37.402990,126.543830,synthetic-pregeocoded-north-headquarters
qa-pregeo-355,QA 사전좌표 355 support-office,support-office,east,,인천광역시 QA구 사전좌표로 355,37.407090,126.549030,synthetic-pregeocoded-east-support-office
qa-pregeo-356,QA 사전좌표 356 direct-agency,direct-agency,west,,인천광역시 QA구 사전좌표로 356,37.411190,126.554230,synthetic-pregeocoded-west-direct-agency
qa-pregeo-357,QA 사전좌표 357 library,library,unassigned,,인천광역시 QA구 사전좌표로 357,37.415290,126.559430,synthetic-pregeocoded-unassigned-library
qa-pregeo-358,QA 사전좌표 358 experience-site,experience-site,main,,인천광역시 QA구 사전좌표로 358,37.419390,126.564630,synthetic-pregeocoded-main-experience-site
qa-pregeo-359,QA 사전좌표 359 partner,partner,ganghwa,,인천광역시 QA구 사전좌표로 359,37.423490,126.569830,synthetic-pregeocoded-ganghwa-partner
qa-pregeo-360,QA 사전좌표 360 imported,imported,south,,인천광역시 QA구 사전좌표로 360,37.427590,126.575030,synthetic-pregeocoded-south-imported
qa-pregeo-361,QA 사전좌표 361 school,school,north,유치원,인천광역시 QA구 사전좌표로 361,37.431690,126.580230,synthetic-pregeocoded-north-school
qa-pregeo-362,QA 사전좌표 362 headquarters,headquarters,east,,인천광역시 QA구 사전좌표로 362,37.435790,126.585430,synthetic-pregeocoded-east-headquarters
qa-pregeo-363,QA 사전좌표 363 support-office,support-office,west,,인천광역시 QA구 사전좌표로 363,37.439890,126.590630,synthetic-pregeocoded-west-support-office
qa-pregeo-364,QA 사전좌표 364 direct-agency,direct-agency,unassigned,,인천광역시 QA구 사전좌표로 364,37.443990,126.595830,synthetic-pregeocoded-unassigned-direct-agency
qa-pregeo-365,QA 사전좌표 365 library,library,main,,인천광역시 QA구 사전좌표로 365,37.448090,126.601030,synthetic-pregeocoded-main-library
qa-pregeo-366,QA 사전좌표 366 experience-site,experience-site,ganghwa,,인천광역시 QA구 사전좌표로 366,37.452190,126.606230,synthetic-pregeocoded-ganghwa-experience-site
qa-pregeo-367,QA 사전좌표 367 partner,partner,south,,인천광역시 QA구 사전좌표로 367,37.456290,126.611430,synthetic-pregeocoded-south-partner
qa-pregeo-368,QA 사전좌표 368 imported,imported,north,,인천광역시 QA구 사전좌표로 368,37.460390,126.616630,synthetic-pregeocoded-north-imported
qa-pregeo-369,QA 사전좌표 369 school,school,east,중학교,인천광역시 QA구 사전좌표로 369,37.464490,126.621830,synthetic-pregeocoded-east-school
qa-pregeo-370,QA 사전좌표 370 headquarters,headquarters,west,,인천광역시 QA구 사전좌표로 370,37.468590,126.627030,synthetic-pregeocoded-west-headquarters
qa-pregeo-371,QA 사전좌표 371 support-office,support-office,unassigned,,인천광역시 QA구 사전좌표로 371,37.321100,126.632230,synthetic-pregeocoded-unassigned-support-office
qa-pregeo-372,QA 사전좌표 372 direct-agency,direct-agency,main,,인천광역시 QA구 사전좌표로 372,37.325200,126.637430,synthetic-pregeocoded-main-direct-agency
qa-pregeo-373,QA 사전좌표 373 library,library,ganghwa,,인천광역시 QA구 사전좌표로 373,37.329300,126.481560,synthetic-pregeocoded-ganghwa-library
qa-pregeo-374,QA 사전좌표 374 experience-site,experience-site,south,,인천광역시 QA구 사전좌표로 374,37.333400,126.486760,synthetic-pregeocoded-south-experience-site
qa-pregeo-375,QA 사전좌표 375 partner,partner,north,,인천광역시 QA구 사전좌표로 375,37.337500,126.491960,synthetic-pregeocoded-north-partner
qa-pregeo-376,QA 사전좌표 376 imported,imported,east,,인천광역시 QA구 사전좌표로 376,37.341600,126.497160,synthetic-pregeocoded-east-imported
qa-pregeo-377,QA 사전좌표 377 school,school,west,특수학교,인천광역시 QA구 사전좌표로 377,37.345700,126.502360,synthetic-pregeocoded-west-school
qa-pregeo-378,QA 사전좌표 378 headquarters,headquarters,unassigned,,인천광역시 QA구 사전좌표로 378,37.349800,126.507560,synthetic-pregeocoded-unassigned-headquarters
qa-pregeo-379,QA 사전좌표 379 support-office,support-office,main,,인천광역시 QA구 사전좌표로 379,37.353900,126.512760,synthetic-pregeocoded-main-support-office
qa-pregeo-380,QA 사전좌표 380 direct-agency,direct-agency,ganghwa,,인천광역시 QA구 사전좌표로 380,37.358000,126.517960,synthetic-pregeocoded-ganghwa-direct-agency
qa-pregeo-381,QA 사전좌표 381 library,library,south,,인천광역시 QA구 사전좌표로 381,37.362100,126.523160,synthetic-pregeocoded-south-library
qa-pregeo-382,QA 사전좌표 382 experience-site,experience-site,north,,인천광역시 QA구 사전좌표로 382,37.366200,126.528360,synthetic-pregeocoded-north-experience-site
qa-pregeo-383,QA 사전좌표 383 partner,partner,east,,인천광역시 QA구 사전좌표로 383,37.370300,126.533560,synthetic-pregeocoded-east-partner
qa-pregeo-384,QA 사전좌표 384 imported,imported,west,,인천광역시 QA구 사전좌표로 384,37.374400,126.538760,synthetic-pregeocoded-west-imported
qa-pregeo-385,QA 사전좌표 385 school,school,unassigned,유치원,인천광역시 QA구 사전좌표로 385,37.378500,126.543960,synthetic-pregeocoded-unassigned-school
qa-pregeo-386,QA 사전좌표 386 headquarters,headquarters,main,,인천광역시 QA구 사전좌표로 386,37.382600,126.549160,synthetic-pregeocoded-main-headquarters
qa-pregeo-387,QA 사전좌표 387 support-office,support-office,ganghwa,,인천광역시 QA구 사전좌표로 387,37.386700,126.554360,synthetic-pregeocoded-ganghwa-support-office
qa-pregeo-388,QA 사전좌표 388 direct-agency,direct-agency,south,,인천광역시 QA구 사전좌표로 388,37.390800,126.559560,synthetic-pregeocoded-south-direct-agency
qa-pregeo-389,QA 사전좌표 389 library,library,north,,인천광역시 QA구 사전좌표로 389,37.394900,126.564760,synthetic-pregeocoded-north-library
qa-pregeo-390,QA 사전좌표 390 experience-site,experience-site,east,,인천광역시 QA구 사전좌표로 390,37.399000,126.569960,synthetic-pregeocoded-east-experience-site
qa-pregeo-391,QA 사전좌표 391 partner,partner,west,,인천광역시 QA구 사전좌표로 391,37.403100,126.575160,synthetic-pregeocoded-west-partner
qa-pregeo-392,QA 사전좌표 392 imported,imported,unassigned,,인천광역시 QA구 사전좌표로 392,37.407200,126.580360,synthetic-pregeocoded-unassigned-imported
qa-pregeo-393,QA 사전좌표 393 school,school,main,중학교,인천광역시 QA구 사전좌표로 393,37.411300,126.585560,synthetic-pregeocoded-main-school
qa-pregeo-394,QA 사전좌표 394 headquarters,headquarters,ganghwa,,인천광역시 QA구 사전좌표로 394,37.415400,126.590760,synthetic-pregeocoded-ganghwa-headquarters
qa-pregeo-395,QA 사전좌표 395 support-office,support-office,south,,인천광역시 QA구 사전좌표로 395,37.419500,126.595960,synthetic-pregeocoded-south-support-office
qa-pregeo-396,QA 사전좌표 396 direct-agency,direct-agency,north,,인천광역시 QA구 사전좌표로 396,37.423600,126.601160,synthetic-pregeocoded-north-direct-agency
qa-pregeo-397,QA 사전좌표 397 library,library,east,,인천광역시 QA구 사전좌표로 397,37.427700,126.606360,synthetic-pregeocoded-east-library
qa-pregeo-398,QA 사전좌표 398 experience-site,experience-site,west,,인천광역시 QA구 사전좌표로 398,37.431800,126.611560,synthetic-pregeocoded-west-experience-site
qa-pregeo-399,QA 사전좌표 399 partner,partner,unassigned,,인천광역시 QA구 사전좌표로 399,37.435900,126.616760,synthetic-pregeocoded-unassigned-partner
qa-pregeo-400,QA 사전좌표 400 imported,imported,main,,인천광역시 QA구 사전좌표로 400,37.440000,126.621960,synthetic-pregeocoded-main-imported
qa-pregeo-401,QA 사전좌표 401 school,school,ganghwa,특수학교,인천광역시 QA구 사전좌표로 401,37.444100,126.627160,synthetic-pregeocoded-ganghwa-school
qa-pregeo-402,QA 사전좌표 402 headquarters,headquarters,south,,인천광역시 QA구 사전좌표로 402,37.448200,126.632360,synthetic-pregeocoded-south-headquarters
qa-pregeo-403,QA 사전좌표 403 support-office,support-office,north,,인천광역시 QA구 사전좌표로 403,37.452300,126.637560,synthetic-pregeocoded-north-support-office
qa-pregeo-404,QA 사전좌표 404 direct-agency,direct-agency,east,,인천광역시 QA구 사전좌표로 404,37.456400,126.481690,synthetic-pregeocoded-east-direct-agency
qa-pregeo-405,QA 사전좌표 405 library,library,west,,인천광역시 QA구 사전좌표로 405,37.460500,126.486890,synthetic-pregeocoded-west-library
qa-pregeo-406,QA 사전좌표 406 experience-site,experience-site,unassigned,,인천광역시 QA구 사전좌표로 406,37.464600,126.492090,synthetic-pregeocoded-unassigned-experience-site
qa-pregeo-407,QA 사전좌표 407 partner,partner,main,,인천광역시 QA구 사전좌표로 407,37.468700,126.497290,synthetic-pregeocoded-main-partner
qa-pregeo-408,QA 사전좌표 408 imported,imported,ganghwa,,인천광역시 QA구 사전좌표로 408,37.321210,126.502490,synthetic-pregeocoded-ganghwa-imported
qa-pregeo-409,QA 사전좌표 409 school,school,south,유치원,인천광역시 QA구 사전좌표로 409,37.325310,126.507690,synthetic-pregeocoded-south-school
qa-pregeo-410,QA 사전좌표 410 headquarters,headquarters,north,,인천광역시 QA구 사전좌표로 410,37.329410,126.512890,synthetic-pregeocoded-north-headquarters
qa-pregeo-411,QA 사전좌표 411 support-office,support-office,east,,인천광역시 QA구 사전좌표로 411,37.333510,126.518090,synthetic-pregeocoded-east-support-office
qa-pregeo-412,QA 사전좌표 412 direct-agency,direct-agency,west,,인천광역시 QA구 사전좌표로 412,37.337610,126.523290,synthetic-pregeocoded-west-direct-agency
qa-pregeo-413,QA 사전좌표 413 library,library,unassigned,,인천광역시 QA구 사전좌표로 413,37.341710,126.528490,synthetic-pregeocoded-unassigned-library
qa-pregeo-414,QA 사전좌표 414 experience-site,experience-site,main,,인천광역시 QA구 사전좌표로 414,37.345810,126.533690,synthetic-pregeocoded-main-experience-site
qa-pregeo-415,QA 사전좌표 415 partner,partner,ganghwa,,인천광역시 QA구 사전좌표로 415,37.349910,126.538890,synthetic-pregeocoded-ganghwa-partner
qa-pregeo-416,QA 사전좌표 416 imported,imported,south,,인천광역시 QA구 사전좌표로 416,37.354010,126.544090,synthetic-pregeocoded-south-imported
qa-pregeo-417,QA 사전좌표 417 school,school,north,중학교,인천광역시 QA구 사전좌표로 417,37.358110,126.549290,synthetic-pregeocoded-north-school
qa-pregeo-418,QA 사전좌표 418 headquarters,headquarters,east,,인천광역시 QA구 사전좌표로 418,37.362210,126.554490,synthetic-pregeocoded-east-headquarters
qa-pregeo-419,QA 사전좌표 419 support-office,support-office,west,,인천광역시 QA구 사전좌표로 419,37.366310,126.559690,synthetic-pregeocoded-west-support-office
qa-pregeo-420,QA 사전좌표 420 direct-agency,direct-agency,unassigned,,인천광역시 QA구 사전좌표로 420,37.370410,126.564890,synthetic-pregeocoded-unassigned-direct-agency
qa-pregeo-421,QA 사전좌표 421 library,library,main,,인천광역시 QA구 사전좌표로 421,37.374510,126.570090,synthetic-pregeocoded-main-library
qa-pregeo-422,QA 사전좌표 422 experience-site,experience-site,ganghwa,,인천광역시 QA구 사전좌표로 422,37.378610,126.575290,synthetic-pregeocoded-ganghwa-experience-site
qa-pregeo-423,QA 사전좌표 423 partner,partner,south,,인천광역시 QA구 사전좌표로 423,37.382710,126.580490,synthetic-pregeocoded-south-partner
qa-pregeo-424,QA 사전좌표 424 imported,imported,north,,인천광역시 QA구 사전좌표로 424,37.386810,126.585690,synthetic-pregeocoded-north-imported
qa-pregeo-425,QA 사전좌표 425 school,school,east,특수학교,인천광역시 QA구 사전좌표로 425,37.390910,126.590890,synthetic-pregeocoded-east-school
qa-pregeo-426,QA 사전좌표 426 headquarters,headquarters,west,,인천광역시 QA구 사전좌표로 426,37.395010,126.596090,synthetic-pregeocoded-west-headquarters
qa-pregeo-427,QA 사전좌표 427 support-office,support-office,unassigned,,인천광역시 QA구 사전좌표로 427,37.399110,126.601290,synthetic-pregeocoded-unassigned-support-office
qa-pregeo-428,QA 사전좌표 428 direct-agency,direct-agency,main,,인천광역시 QA구 사전좌표로 428,37.403210,126.606490,synthetic-pregeocoded-main-direct-agency
qa-pregeo-429,QA 사전좌표 429 library,library,ganghwa,,인천광역시 QA구 사전좌표로 429,37.407310,126.611690,synthetic-pregeocoded-ganghwa-library
qa-pregeo-430,QA 사전좌표 430 experience-site,experience-site,south,,인천광역시 QA구 사전좌표로 430,37.411410,126.616890,synthetic-pregeocoded-south-experience-site
qa-pregeo-431,QA 사전좌표 431 partner,partner,north,,인천광역시 QA구 사전좌표로 431,37.415510,126.622090,synthetic-pregeocoded-north-partner
qa-pregeo-432,QA 사전좌표 432 imported,imported,east,,인천광역시 QA구 사전좌표로 432,37.419610,126.627290,synthetic-pregeocoded-east-imported
qa-pregeo-433,QA 사전좌표 433 school,school,west,유치원,인천광역시 QA구 사전좌표로 433,37.423710,126.632490,synthetic-pregeocoded-west-school
qa-pregeo-434,QA 사전좌표 434 headquarters,headquarters,unassigned,,인천광역시 QA구 사전좌표로 434,37.427810,126.637690,synthetic-pregeocoded-unassigned-headquarters
qa-pregeo-435,QA 사전좌표 435 support-office,support-office,main,,인천광역시 QA구 사전좌표로 435,37.431910,126.481820,synthetic-pregeocoded-main-support-office
qa-pregeo-436,QA 사전좌표 436 direct-agency,direct-agency,ganghwa,,인천광역시 QA구 사전좌표로 436,37.436010,126.487020,synthetic-pregeocoded-ganghwa-direct-agency
qa-pregeo-437,QA 사전좌표 437 library,library,south,,인천광역시 QA구 사전좌표로 437,37.440110,126.492220,synthetic-pregeocoded-south-library
qa-pregeo-438,QA 사전좌표 438 experience-site,experience-site,north,,인천광역시 QA구 사전좌표로 438,37.444210,126.497420,synthetic-pregeocoded-north-experience-site
qa-pregeo-439,QA 사전좌표 439 partner,partner,east,,인천광역시 QA구 사전좌표로 439,37.448310,126.502620,synthetic-pregeocoded-east-partner
qa-pregeo-440,QA 사전좌표 440 imported,imported,west,,인천광역시 QA구 사전좌표로 440,37.452410,126.507820,synthetic-pregeocoded-west-imported
qa-pregeo-441,QA 사전좌표 441 school,school,unassigned,중학교,인천광역시 QA구 사전좌표로 441,37.456510,126.513020,synthetic-pregeocoded-unassigned-school
qa-pregeo-442,QA 사전좌표 442 headquarters,headquarters,main,,인천광역시 QA구 사전좌표로 442,37.460610,126.518220,synthetic-pregeocoded-main-headquarters
qa-pregeo-443,QA 사전좌표 443 support-office,support-office,ganghwa,,인천광역시 QA구 사전좌표로 443,37.464710,126.523420,synthetic-pregeocoded-ganghwa-support-office
qa-pregeo-444,QA 사전좌표 444 direct-agency,direct-agency,south,,인천광역시 QA구 사전좌표로 444,37.468810,126.528620,synthetic-pregeocoded-south-direct-agency
qa-pregeo-445,QA 사전좌표 445 library,library,north,,인천광역시 QA구 사전좌표로 445,37.321320,126.533820,synthetic-pregeocoded-north-library
qa-pregeo-446,QA 사전좌표 446 experience-site,experience-site,east,,인천광역시 QA구 사전좌표로 446,37.325420,126.539020,synthetic-pregeocoded-east-experience-site
qa-pregeo-447,QA 사전좌표 447 partner,partner,west,,인천광역시 QA구 사전좌표로 447,37.329520,126.544220,synthetic-pregeocoded-west-partner
qa-pregeo-448,QA 사전좌표 448 imported,imported,unassigned,,인천광역시 QA구 사전좌표로 448,37.333620,126.549420,synthetic-pregeocoded-unassigned-imported
qa-pregeo-449,QA 사전좌표 449 school,school,main,특수학교,인천광역시 QA구 사전좌표로 449,37.337720,126.554620,synthetic-pregeocoded-main-school
qa-pregeo-450,QA 사전좌표 450 headquarters,headquarters,ganghwa,,인천광역시 QA구 사전좌표로 450,37.341820,126.559820,synthetic-pregeocoded-ganghwa-headquarters
qa-pregeo-451,QA 사전좌표 451 support-office,support-office,south,,인천광역시 QA구 사전좌표로 451,37.345920,126.565020,synthetic-pregeocoded-south-support-office
qa-pregeo-452,QA 사전좌표 452 direct-agency,direct-agency,north,,인천광역시 QA구 사전좌표로 452,37.350020,126.570220,synthetic-pregeocoded-north-direct-agency
qa-pregeo-453,QA 사전좌표 453 library,library,east,,인천광역시 QA구 사전좌표로 453,37.354120,126.575420,synthetic-pregeocoded-east-library
qa-pregeo-454,QA 사전좌표 454 experience-site,experience-site,west,,인천광역시 QA구 사전좌표로 454,37.358220,126.580620,synthetic-pregeocoded-west-experience-site
qa-pregeo-455,QA 사전좌표 455 partner,partner,unassigned,,인천광역시 QA구 사전좌표로 455,37.362320,126.585820,synthetic-pregeocoded-unassigned-partner
qa-pregeo-456,QA 사전좌표 456 imported,imported,main,,인천광역시 QA구 사전좌표로 456,37.366420,126.591020,synthetic-pregeocoded-main-imported
qa-pregeo-457,QA 사전좌표 457 school,school,ganghwa,유치원,인천광역시 QA구 사전좌표로 457,37.370520,126.596220,synthetic-pregeocoded-ganghwa-school
qa-pregeo-458,QA 사전좌표 458 headquarters,headquarters,south,,인천광역시 QA구 사전좌표로 458,37.374620,126.601420,synthetic-pregeocoded-south-headquarters
qa-pregeo-459,QA 사전좌표 459 support-office,support-office,north,,인천광역시 QA구 사전좌표로 459,37.378720,126.606620,synthetic-pregeocoded-north-support-office
qa-pregeo-460,QA 사전좌표 460 direct-agency,direct-agency,east,,인천광역시 QA구 사전좌표로 460,37.382820,126.611820,synthetic-pregeocoded-east-direct-agency
qa-pregeo-461,QA 사전좌표 461 library,library,west,,인천광역시 QA구 사전좌표로 461,37.386920,126.617020,synthetic-pregeocoded-west-library
qa-pregeo-462,QA 사전좌표 462 experience-site,experience-site,unassigned,,인천광역시 QA구 사전좌표로 462,37.391020,126.622220,synthetic-pregeocoded-unassigned-experience-site
qa-pregeo-463,QA 사전좌표 463 partner,partner,main,,인천광역시 QA구 사전좌표로 463,37.395120,126.627420,synthetic-pregeocoded-main-partner
qa-pregeo-464,QA 사전좌표 464 imported,imported,ganghwa,,인천광역시 QA구 사전좌표로 464,37.399220,126.632620,synthetic-pregeocoded-ganghwa-imported
qa-pregeo-465,QA 사전좌표 465 school,school,south,중학교,인천광역시 QA구 사전좌표로 465,37.403320,126.637820,synthetic-pregeocoded-south-school
qa-pregeo-466,QA 사전좌표 466 headquarters,headquarters,north,,인천광역시 QA구 사전좌표로 466,37.407420,126.481950,synthetic-pregeocoded-north-headquarters
qa-pregeo-467,QA 사전좌표 467 support-office,support-office,east,,인천광역시 QA구 사전좌표로 467,37.411520,126.487150,synthetic-pregeocoded-east-support-office
qa-pregeo-468,QA 사전좌표 468 direct-agency,direct-agency,west,,인천광역시 QA구 사전좌표로 468,37.415620,126.492350,synthetic-pregeocoded-west-direct-agency
qa-pregeo-469,QA 사전좌표 469 library,library,unassigned,,인천광역시 QA구 사전좌표로 469,37.419720,126.497550,synthetic-pregeocoded-unassigned-library
qa-pregeo-470,QA 사전좌표 470 experience-site,experience-site,main,,인천광역시 QA구 사전좌표로 470,37.423820,126.502750,synthetic-pregeocoded-main-experience-site
qa-pregeo-471,QA 사전좌표 471 partner,partner,ganghwa,,인천광역시 QA구 사전좌표로 471,37.427920,126.507950,synthetic-pregeocoded-ganghwa-partner
qa-pregeo-472,QA 사전좌표 472 imported,imported,south,,인천광역시 QA구 사전좌표로 472,37.432020,126.513150,synthetic-pregeocoded-south-imported
qa-pregeo-473,QA 사전좌표 473 school,school,north,특수학교,인천광역시 QA구 사전좌표로 473,37.436120,126.518350,synthetic-pregeocoded-north-school
qa-pregeo-474,QA 사전좌표 474 headquarters,headquarters,east,,인천광역시 QA구 사전좌표로 474,37.440220,126.523550,synthetic-pregeocoded-east-headquarters
qa-pregeo-475,QA 사전좌표 475 support-office,support-office,west,,인천광역시 QA구 사전좌표로 475,37.444320,126.528750,synthetic-pregeocoded-west-support-office
qa-pregeo-476,QA 사전좌표 476 direct-agency,direct-agency,unassigned,,인천광역시 QA구 사전좌표로 476,37.448420,126.533950,synthetic-pregeocoded-unassigned-direct-agency
qa-pregeo-477,QA 사전좌표 477 library,library,main,,인천광역시 QA구 사전좌표로 477,37.452520,126.539150,synthetic-pregeocoded-main-library
qa-pregeo-478,QA 사전좌표 478 experience-site,experience-site,ganghwa,,인천광역시 QA구 사전좌표로 478,37.456620,126.544350,synthetic-pregeocoded-ganghwa-experience-site
qa-pregeo-479,QA 사전좌표 479 partner,partner,south,,인천광역시 QA구 사전좌표로 479,37.460720,126.549550,synthetic-pregeocoded-south-partner
qa-pregeo-480,QA 사전좌표 480 imported,imported,north,,인천광역시 QA구 사전좌표로 480,37.464820,126.554750,synthetic-pregeocoded-north-imported
qa-pregeo-481,QA 사전좌표 481 school,school,east,유치원,인천광역시 QA구 사전좌표로 481,37.468920,126.559950,synthetic-pregeocoded-east-school
qa-pregeo-482,QA 사전좌표 482 headquarters,headquarters,west,,인천광역시 QA구 사전좌표로 482,37.321430,126.565150,synthetic-pregeocoded-west-headquarters
qa-pregeo-483,QA 사전좌표 483 support-office,support-office,unassigned,,인천광역시 QA구 사전좌표로 483,37.325530,126.570350,synthetic-pregeocoded-unassigned-support-office
qa-pregeo-484,QA 사전좌표 484 direct-agency,direct-agency,main,,인천광역시 QA구 사전좌표로 484,37.329630,126.575550,synthetic-pregeocoded-main-direct-agency
qa-pregeo-485,QA 사전좌표 485 library,library,ganghwa,,인천광역시 QA구 사전좌표로 485,37.333730,126.580750,synthetic-pregeocoded-ganghwa-library
qa-pregeo-486,QA 사전좌표 486 experience-site,experience-site,south,,인천광역시 QA구 사전좌표로 486,37.337830,126.585950,synthetic-pregeocoded-south-experience-site
qa-pregeo-487,QA 사전좌표 487 partner,partner,north,,인천광역시 QA구 사전좌표로 487,37.341930,126.591150,synthetic-pregeocoded-north-partner
qa-pregeo-488,QA 사전좌표 488 imported,imported,east,,인천광역시 QA구 사전좌표로 488,37.346030,126.596350,synthetic-pregeocoded-east-imported
qa-pregeo-489,QA 사전좌표 489 school,school,west,중학교,인천광역시 QA구 사전좌표로 489,37.350130,126.601550,synthetic-pregeocoded-west-school
qa-pregeo-490,QA 사전좌표 490 headquarters,headquarters,unassigned,,인천광역시 QA구 사전좌표로 490,37.354230,126.606750,synthetic-pregeocoded-unassigned-headquarters
qa-pregeo-491,QA 사전좌표 491 support-office,support-office,main,,인천광역시 QA구 사전좌표로 491,37.358330,126.611950,synthetic-pregeocoded-main-support-office
qa-pregeo-492,QA 사전좌표 492 direct-agency,direct-agency,ganghwa,,인천광역시 QA구 사전좌표로 492,37.362430,126.617150,synthetic-pregeocoded-ganghwa-direct-agency
qa-pregeo-493,QA 사전좌표 493 library,library,south,,인천광역시 QA구 사전좌표로 493,37.366530,126.622350,synthetic-pregeocoded-south-library
qa-pregeo-494,QA 사전좌표 494 experience-site,experience-site,north,,인천광역시 QA구 사전좌표로 494,37.370630,126.627550,synthetic-pregeocoded-north-experience-site
qa-pregeo-495,QA 사전좌표 495 partner,partner,east,,인천광역시 QA구 사전좌표로 495,37.374730,126.632750,synthetic-pregeocoded-east-partner
qa-pregeo-496,QA 사전좌표 496 imported,imported,west,,인천광역시 QA구 사전좌표로 496,37.378830,126.637950,synthetic-pregeocoded-west-imported
qa-pregeo-497,QA 사전좌표 497 school,school,unassigned,특수학교,인천광역시 QA구 사전좌표로 497,37.382930,126.482080,synthetic-pregeocoded-unassigned-school
qa-pregeo-498,QA 사전좌표 498 headquarters,headquarters,main,,인천광역시 QA구 사전좌표로 498,37.387030,126.487280,synthetic-pregeocoded-main-headquarters
qa-pregeo-499,QA 사전좌표 499 support-office,support-office,ganghwa,,인천광역시 QA구 사전좌표로 499,37.391130,126.492480,synthetic-pregeocoded-ganghwa-support-office
qa-pregeo-500,QA 사전좌표 500 direct-agency,direct-agency,south,,인천광역시 QA구 사전좌표로 500,37.395230,126.497680,synthetic-pregeocoded-south-direct-agency
qa-pregeo-501,QA 사전좌표 501 library,library,north,,인천광역시 QA구 사전좌표로 501,37.399330,126.502880,synthetic-pregeocoded-north-library
qa-pregeo-502,QA 사전좌표 502 experience-site,experience-site,east,,인천광역시 QA구 사전좌표로 502,37.403430,126.508080,synthetic-pregeocoded-east-experience-site
qa-pregeo-503,QA 사전좌표 503 partner,partner,west,,인천광역시 QA구 사전좌표로 503,37.407530,126.513280,synthetic-pregeocoded-west-partner
qa-pregeo-504,QA 사전좌표 504 imported,imported,unassigned,,인천광역시 QA구 사전좌표로 504,37.411630,126.518480,synthetic-pregeocoded-unassigned-imported
qa-pregeo-505,QA 사전좌표 505 school,school,main,유치원,인천광역시 QA구 사전좌표로 505,37.415730,126.523680,synthetic-pregeocoded-main-school
qa-pregeo-506,QA 사전좌표 506 headquarters,headquarters,ganghwa,,인천광역시 QA구 사전좌표로 506,37.419830,126.528880,synthetic-pregeocoded-ganghwa-headquarters
qa-pregeo-507,QA 사전좌표 507 support-office,support-office,south,,인천광역시 QA구 사전좌표로 507,37.423930,126.534080,synthetic-pregeocoded-south-support-office
qa-pregeo-508,QA 사전좌표 508 direct-agency,direct-agency,north,,인천광역시 QA구 사전좌표로 508,37.428030,126.539280,synthetic-pregeocoded-north-direct-agency
qa-pregeo-509,QA 사전좌표 509 library,library,east,,인천광역시 QA구 사전좌표로 509,37.432130,126.544480,synthetic-pregeocoded-east-library
qa-pregeo-510,QA 사전좌표 510 experience-site,experience-site,west,,인천광역시 QA구 사전좌표로 510,37.436230,126.549680,synthetic-pregeocoded-west-experience-site
qa-pregeo-511,QA 사전좌표 511 partner,partner,unassigned,,인천광역시 QA구 사전좌표로 511,37.440330,126.554880,synthetic-pregeocoded-unassigned-partner
qa-pregeo-512,QA 사전좌표 512 imported,imported,main,,인천광역시 QA구 사전좌표로 512,37.444430,126.560080,synthetic-pregeocoded-main-imported
qa-pregeo-513,QA 사전좌표 513 school,school,ganghwa,중학교,인천광역시 QA구 사전좌표로 513,37.448530,126.565280,synthetic-pregeocoded-ganghwa-school
qa-pregeo-514,QA 사전좌표 514 headquarters,headquarters,south,,인천광역시 QA구 사전좌표로 514,37.452630,126.570480,synthetic-pregeocoded-south-headquarters
qa-pregeo-515,QA 사전좌표 515 support-office,support-office,north,,인천광역시 QA구 사전좌표로 515,37.456730,126.575680,synthetic-pregeocoded-north-support-office
qa-pregeo-516,QA 사전좌표 516 direct-agency,direct-agency,east,,인천광역시 QA구 사전좌표로 516,37.460830,126.580880,synthetic-pregeocoded-east-direct-agency
qa-pregeo-517,QA 사전좌표 517 library,library,west,,인천광역시 QA구 사전좌표로 517,37.464930,126.586080,synthetic-pregeocoded-west-library
qa-pregeo-518,QA 사전좌표 518 experience-site,experience-site,unassigned,,인천광역시 QA구 사전좌표로 518,37.469030,126.591280,synthetic-pregeocoded-unassigned-experience-site
qa-pregeo-519,QA 사전좌표 519 partner,partner,main,,인천광역시 QA구 사전좌표로 519,37.321540,126.596480,synthetic-pregeocoded-main-partner
qa-pregeo-520,QA 사전좌표 520 imported,imported,ganghwa,,인천광역시 QA구 사전좌표로 520,37.325640,126.601680,synthetic-pregeocoded-ganghwa-imported
qa-pregeo-521,QA 사전좌표 521 school,school,south,특수학교,인천광역시 QA구 사전좌표로 521,37.329740,126.606880,synthetic-pregeocoded-south-school
qa-pregeo-522,QA 사전좌표 522 headquarters,headquarters,north,,인천광역시 QA구 사전좌표로 522,37.333840,126.612080,synthetic-pregeocoded-north-headquarters
qa-pregeo-523,QA 사전좌표 523 support-office,support-office,east,,인천광역시 QA구 사전좌표로 523,37.337940,126.617280,synthetic-pregeocoded-east-support-office
qa-pregeo-524,QA 사전좌표 524 direct-agency,direct-agency,west,,인천광역시 QA구 사전좌표로 524,37.342040,126.622480,synthetic-pregeocoded-west-direct-agency
qa-pregeo-525,QA 사전좌표 525 library,library,unassigned,,인천광역시 QA구 사전좌표로 525,37.346140,126.627680,synthetic-pregeocoded-unassigned-library
qa-pregeo-526,QA 사전좌표 526 experience-site,experience-site,main,,인천광역시 QA구 사전좌표로 526,37.350240,126.632880,synthetic-pregeocoded-main-experience-site
qa-pregeo-527,QA 사전좌표 527 partner,partner,ganghwa,,인천광역시 QA구 사전좌표로 527,37.354340,126.638080,synthetic-pregeocoded-ganghwa-partner
qa-pregeo-528,QA 사전좌표 528 imported,imported,south,,인천광역시 QA구 사전좌표로 528,37.358440,126.482210,synthetic-pregeocoded-south-imported
qa-pregeo-529,QA 사전좌표 529 school,school,north,유치원,인천광역시 QA구 사전좌표로 529,37.362540,126.487410,synthetic-pregeocoded-north-school
qa-pregeo-530,QA 사전좌표 530 headquarters,headquarters,east,,인천광역시 QA구 사전좌표로 530,37.366640,126.492610,synthetic-pregeocoded-east-headquarters
qa-pregeo-531,QA 사전좌표 531 support-office,support-office,west,,인천광역시 QA구 사전좌표로 531,37.370740,126.497810,synthetic-pregeocoded-west-support-office
qa-pregeo-532,QA 사전좌표 532 direct-agency,direct-agency,unassigned,,인천광역시 QA구 사전좌표로 532,37.374840,126.503010,synthetic-pregeocoded-unassigned-direct-agency
qa-pregeo-533,QA 사전좌표 533 library,library,main,,인천광역시 QA구 사전좌표로 533,37.378940,126.508210,synthetic-pregeocoded-main-library
qa-pregeo-534,QA 사전좌표 534 experience-site,experience-site,ganghwa,,인천광역시 QA구 사전좌표로 534,37.383040,126.513410,synthetic-pregeocoded-ganghwa-experience-site
qa-pregeo-535,QA 사전좌표 535 partner,partner,south,,인천광역시 QA구 사전좌표로 535,37.387140,126.518610,synthetic-pregeocoded-south-partner
qa-pregeo-536,QA 사전좌표 536 imported,imported,north,,인천광역시 QA구 사전좌표로 536,37.391240,126.523810,synthetic-pregeocoded-north-imported
qa-pregeo-537,QA 사전좌표 537 school,school,east,중학교,인천광역시 QA구 사전좌표로 537,37.395340,126.529010,synthetic-pregeocoded-east-school
qa-pregeo-538,QA 사전좌표 538 headquarters,headquarters,west,,인천광역시 QA구 사전좌표로 538,37.399440,126.534210,synthetic-pregeocoded-west-headquarters
qa-pregeo-539,QA 사전좌표 539 support-office,support-office,unassigned,,인천광역시 QA구 사전좌표로 539,37.403540,126.539410,synthetic-pregeocoded-unassigned-support-office
qa-pregeo-540,QA 사전좌표 540 direct-agency,direct-agency,main,,인천광역시 QA구 사전좌표로 540,37.407640,126.544610,synthetic-pregeocoded-main-direct-agency
qa-pregeo-541,QA 사전좌표 541 library,library,ganghwa,,인천광역시 QA구 사전좌표로 541,37.411740,126.549810,synthetic-pregeocoded-ganghwa-library
qa-pregeo-542,QA 사전좌표 542 experience-site,experience-site,south,,인천광역시 QA구 사전좌표로 542,37.415840,126.555010,synthetic-pregeocoded-south-experience-site
qa-pregeo-543,QA 사전좌표 543 partner,partner,north,,인천광역시 QA구 사전좌표로 543,37.419940,126.560210,synthetic-pregeocoded-north-partner
qa-pregeo-544,QA 사전좌표 544 imported,imported,east,,인천광역시 QA구 사전좌표로 544,37.424040,126.565410,synthetic-pregeocoded-east-imported
qa-pregeo-545,QA 사전좌표 545 school,school,west,특수학교,인천광역시 QA구 사전좌표로 545,37.428140,126.570610,synthetic-pregeocoded-west-school
qa-pregeo-546,QA 사전좌표 546 headquarters,headquarters,unassigned,,인천광역시 QA구 사전좌표로 546,37.432240,126.575810,synthetic-pregeocoded-unassigned-headquarters
qa-pregeo-547,QA 사전좌표 547 support-office,support-office,main,,인천광역시 QA구 사전좌표로 547,37.436340,126.581010,synthetic-pregeocoded-main-support-office
qa-pregeo-548,QA 사전좌표 548 direct-agency,direct-agency,ganghwa,,인천광역시 QA구 사전좌표로 548,37.440440,126.586210,synthetic-pregeocoded-ganghwa-direct-agency
qa-pregeo-549,QA 사전좌표 549 library,library,south,,인천광역시 QA구 사전좌표로 549,37.444540,126.591410,synthetic-pregeocoded-south-library
qa-pregeo-550,QA 사전좌표 550 experience-site,experience-site,north,,인천광역시 QA구 사전좌표로 550,37.448640,126.596610,synthetic-pregeocoded-north-experience-site
qa-pregeo-551,QA 사전좌표 551 partner,partner,east,,인천광역시 QA구 사전좌표로 551,37.452740,126.601810,synthetic-pregeocoded-east-partner
qa-pregeo-552,QA 사전좌표 552 imported,imported,west,,인천광역시 QA구 사전좌표로 552,37.456840,126.607010,synthetic-pregeocoded-west-imported
qa-pregeo-553,QA 사전좌표 553 school,school,unassigned,유치원,인천광역시 QA구 사전좌표로 553,37.460940,126.612210,synthetic-pregeocoded-unassigned-school
qa-pregeo-554,QA 사전좌표 554 headquarters,headquarters,main,,인천광역시 QA구 사전좌표로 554,37.465040,126.617410,synthetic-pregeocoded-main-headquarters
qa-pregeo-555,QA 사전좌표 555 support-office,support-office,ganghwa,,인천광역시 QA구 사전좌표로 555,37.469140,126.622610,synthetic-pregeocoded-ganghwa-support-office
qa-pregeo-556,QA 사전좌표 556 direct-agency,direct-agency,south,,인천광역시 QA구 사전좌표로 556,37.321650,126.627810,synthetic-pregeocoded-south-direct-agency
qa-pregeo-557,QA 사전좌표 557 library,library,north,,인천광역시 QA구 사전좌표로 557,37.325750,126.633010,synthetic-pregeocoded-north-library
qa-pregeo-558,QA 사전좌표 558 experience-site,experience-site,east,,인천광역시 QA구 사전좌표로 558,37.329850,126.638210,synthetic-pregeocoded-east-experience-site
qa-pregeo-559,QA 사전좌표 559 partner,partner,west,,인천광역시 QA구 사전좌표로 559,37.333950,126.482340,synthetic-pregeocoded-west-partner
qa-pregeo-560,QA 사전좌표 560 imported,imported,unassigned,,인천광역시 QA구 사전좌표로 560,37.338050,126.487540,synthetic-pregeocoded-unassigned-imported
qa-pregeo-561,QA 사전좌표 561 school,school,main,중학교,인천광역시 QA구 사전좌표로 561,37.342150,126.492740,synthetic-pregeocoded-main-school
qa-pregeo-562,QA 사전좌표 562 headquarters,headquarters,ganghwa,,인천광역시 QA구 사전좌표로 562,37.346250,126.497940,synthetic-pregeocoded-ganghwa-headquarters
qa-pregeo-563,QA 사전좌표 563 support-office,support-office,south,,인천광역시 QA구 사전좌표로 563,37.350350,126.503140,synthetic-pregeocoded-south-support-office
qa-pregeo-564,QA 사전좌표 564 direct-agency,direct-agency,north,,인천광역시 QA구 사전좌표로 564,37.354450,126.508340,synthetic-pregeocoded-north-direct-agency
qa-pregeo-565,QA 사전좌표 565 library,library,east,,인천광역시 QA구 사전좌표로 565,37.358550,126.513540,synthetic-pregeocoded-east-library
qa-pregeo-566,QA 사전좌표 566 experience-site,experience-site,west,,인천광역시 QA구 사전좌표로 566,37.362650,126.518740,synthetic-pregeocoded-west-experience-site
qa-pregeo-567,QA 사전좌표 567 partner,partner,unassigned,,인천광역시 QA구 사전좌표로 567,37.366750,126.523940,synthetic-pregeocoded-unassigned-partner
qa-pregeo-568,QA 사전좌표 568 imported,imported,main,,인천광역시 QA구 사전좌표로 568,37.370850,126.529140,synthetic-pregeocoded-main-imported
qa-pregeo-569,QA 사전좌표 569 school,school,ganghwa,특수학교,인천광역시 QA구 사전좌표로 569,37.374950,126.534340,synthetic-pregeocoded-ganghwa-school
qa-pregeo-570,QA 사전좌표 570 headquarters,headquarters,south,,인천광역시 QA구 사전좌표로 570,37.379050,126.539540,synthetic-pregeocoded-south-headquarters
qa-pregeo-571,QA 사전좌표 571 support-office,support-office,north,,인천광역시 QA구 사전좌표로 571,37.383150,126.544740,synthetic-pregeocoded-north-support-office
qa-pregeo-572,QA 사전좌표 572 direct-agency,direct-agency,east,,인천광역시 QA구 사전좌표로 572,37.387250,126.549940,synthetic-pregeocoded-east-direct-agency
qa-pregeo-573,QA 사전좌표 573 library,library,west,,인천광역시 QA구 사전좌표로 573,37.391350,126.555140,synthetic-pregeocoded-west-library
qa-pregeo-574,QA 사전좌표 574 experience-site,experience-site,unassigned,,인천광역시 QA구 사전좌표로 574,37.395450,126.560340,synthetic-pregeocoded-unassigned-experience-site
qa-pregeo-575,QA 사전좌표 575 partner,partner,main,,인천광역시 QA구 사전좌표로 575,37.399550,126.565540,synthetic-pregeocoded-main-partner
qa-pregeo-576,QA 사전좌표 576 imported,imported,ganghwa,,인천광역시 QA구 사전좌표로 576,37.403650,126.570740,synthetic-pregeocoded-ganghwa-imported
qa-pregeo-577,QA 사전좌표 577 school,school,south,유치원,인천광역시 QA구 사전좌표로 577,37.407750,126.575940,synthetic-pregeocoded-south-school
qa-pregeo-578,QA 사전좌표 578 headquarters,headquarters,north,,인천광역시 QA구 사전좌표로 578,37.411850,126.581140,synthetic-pregeocoded-north-headquarters
qa-pregeo-579,QA 사전좌표 579 support-office,support-office,east,,인천광역시 QA구 사전좌표로 579,37.415950,126.586340,synthetic-pregeocoded-east-support-office
qa-pregeo-580,QA 사전좌표 580 direct-agency,direct-agency,west,,인천광역시 QA구 사전좌표로 580,37.420050,126.591540,synthetic-pregeocoded-west-direct-agency
qa-pregeo-581,QA 사전좌표 581 library,library,unassigned,,인천광역시 QA구 사전좌표로 581,37.424150,126.596740,synthetic-pregeocoded-unassigned-library
qa-pregeo-582,QA 사전좌표 582 experience-site,experience-site,main,,인천광역시 QA구 사전좌표로 582,37.428250,126.601940,synthetic-pregeocoded-main-experience-site
qa-pregeo-583,QA 사전좌표 583 partner,partner,ganghwa,,인천광역시 QA구 사전좌표로 583,37.432350,126.607140,synthetic-pregeocoded-ganghwa-partner
qa-pregeo-584,QA 사전좌표 584 imported,imported,south,,인천광역시 QA구 사전좌표로 584,37.436450,126.612340,synthetic-pregeocoded-south-imported
qa-pregeo-585,QA 사전좌표 585 school,school,north,중학교,인천광역시 QA구 사전좌표로 585,37.440550,126.617540,synthetic-pregeocoded-north-school
qa-pregeo-586,QA 사전좌표 586 headquarters,headquarters,east,,인천광역시 QA구 사전좌표로 586,37.444650,126.622740,synthetic-pregeocoded-east-headquarters
qa-pregeo-587,QA 사전좌표 587 support-office,support-office,west,,인천광역시 QA구 사전좌표로 587,37.448750,126.627940,synthetic-pregeocoded-west-support-office
qa-pregeo-588,QA 사전좌표 588 direct-agency,direct-agency,unassigned,,인천광역시 QA구 사전좌표로 588,37.452850,126.633140,synthetic-pregeocoded-unassigned-direct-agency
qa-pregeo-589,QA 사전좌표 589 library,library,main,,인천광역시 QA구 사전좌표로 589,37.456950,126.638340,synthetic-pregeocoded-main-library
qa-pregeo-590,QA 사전좌표 590 experience-site,experience-site,ganghwa,,인천광역시 QA구 사전좌표로 590,37.461050,126.482470,synthetic-pregeocoded-ganghwa-experience-site
qa-pregeo-591,QA 사전좌표 591 partner,partner,south,,인천광역시 QA구 사전좌표로 591,37.465150,126.487670,synthetic-pregeocoded-south-partner
qa-pregeo-592,QA 사전좌표 592 imported,imported,north,,인천광역시 QA구 사전좌표로 592,37.469250,126.492870,synthetic-pregeocoded-north-imported
qa-pregeo-593,QA 사전좌표 593 school,school,east,특수학교,인천광역시 QA구 사전좌표로 593,37.321760,126.498070,synthetic-pregeocoded-east-school
qa-pregeo-594,QA 사전좌표 594 headquarters,headquarters,west,,인천광역시 QA구 사전좌표로 594,37.325860,126.503270,synthetic-pregeocoded-west-headquarters
qa-pregeo-595,QA 사전좌표 595 support-office,support-office,unassigned,,인천광역시 QA구 사전좌표로 595,37.329960,126.508470,synthetic-pregeocoded-unassigned-support-office
qa-pregeo-596,QA 사전좌표 596 direct-agency,direct-agency,main,,인천광역시 QA구 사전좌표로 596,37.334060,126.513670,synthetic-pregeocoded-main-direct-agency
qa-pregeo-597,QA 사전좌표 597 library,library,ganghwa,,인천광역시 QA구 사전좌표로 597,37.338160,126.518870,synthetic-pregeocoded-ganghwa-library
qa-pregeo-598,QA 사전좌표 598 experience-site,experience-site,south,,인천광역시 QA구 사전좌표로 598,37.342260,126.524070,synthetic-pregeocoded-south-experience-site
qa-pregeo-599,QA 사전좌표 599 partner,partner,north,,인천광역시 QA구 사전좌표로 599,37.346360,126.529270,synthetic-pregeocoded-north-partner
qa-pregeo-600,QA 사전좌표 600 imported,imported,east,,인천광역시 QA구 사전좌표로 600,37.350460,126.534470,synthetic-pregeocoded-east-imported
qa-pregeo-601,QA 사전좌표 601 school,school,west,유치원,인천광역시 QA구 사전좌표로 601,37.354560,126.539670,synthetic-pregeocoded-west-school
qa-pregeo-602,QA 사전좌표 602 headquarters,headquarters,unassigned,,인천광역시 QA구 사전좌표로 602,37.358660,126.544870,synthetic-pregeocoded-unassigned-headquarters
qa-pregeo-603,QA 사전좌표 603 support-office,support-office,main,,인천광역시 QA구 사전좌표로 603,37.362760,126.550070,synthetic-pregeocoded-main-support-office
qa-pregeo-604,QA 사전좌표 604 direct-agency,direct-agency,ganghwa,,인천광역시 QA구 사전좌표로 604,37.366860,126.555270,synthetic-pregeocoded-ganghwa-direct-agency
qa-pregeo-605,QA 사전좌표 605 library,library,south,,인천광역시 QA구 사전좌표로 605,37.370960,126.560470,synthetic-pregeocoded-south-library
qa-pregeo-606,QA 사전좌표 606 experience-site,experience-site,north,,인천광역시 QA구 사전좌표로 606,37.375060,126.565670,synthetic-pregeocoded-north-experience-site
qa-pregeo-607,QA 사전좌표 607 partner,partner,east,,인천광역시 QA구 사전좌표로 607,37.379160,126.570870,synthetic-pregeocoded-east-partner
qa-pregeo-608,QA 사전좌표 608 imported,imported,west,,인천광역시 QA구 사전좌표로 608,37.383260,126.576070,synthetic-pregeocoded-west-imported
qa-pregeo-609,QA 사전좌표 609 school,school,unassigned,중학교,인천광역시 QA구 사전좌표로 609,37.387360,126.581270,synthetic-pregeocoded-unassigned-school
qa-pregeo-610,QA 사전좌표 610 headquarters,headquarters,main,,인천광역시 QA구 사전좌표로 610,37.391460,126.586470,synthetic-pregeocoded-main-headquarters
qa-pregeo-611,QA 사전좌표 611 support-office,support-office,ganghwa,,인천광역시 QA구 사전좌표로 611,37.395560,126.591670,synthetic-pregeocoded-ganghwa-support-office
qa-pregeo-612,QA 사전좌표 612 direct-agency,direct-agency,south,,인천광역시 QA구 사전좌표로 612,37.399660,126.596870,synthetic-pregeocoded-south-direct-agency
qa-pregeo-613,QA 사전좌표 613 library,library,north,,인천광역시 QA구 사전좌표로 613,37.403760,126.602070,synthetic-pregeocoded-north-library
qa-pregeo-614,QA 사전좌표 614 experience-site,experience-site,east,,인천광역시 QA구 사전좌표로 614,37.407860,126.607270,synthetic-pregeocoded-east-experience-site
qa-pregeo-615,QA 사전좌표 615 partner,partner,west,,인천광역시 QA구 사전좌표로 615,37.411960,126.612470,synthetic-pregeocoded-west-partner
qa-pregeo-616,QA 사전좌표 616 imported,imported,unassigned,,인천광역시 QA구 사전좌표로 616,37.416060,126.617670,synthetic-pregeocoded-unassigned-imported
qa-pregeo-617,QA 사전좌표 617 school,school,main,특수학교,인천광역시 QA구 사전좌표로 617,37.420160,126.622870,synthetic-pregeocoded-main-school
qa-pregeo-618,QA 사전좌표 618 headquarters,headquarters,ganghwa,,인천광역시 QA구 사전좌표로 618,37.424260,126.628070,synthetic-pregeocoded-ganghwa-headquarters
qa-pregeo-619,QA 사전좌표 619 support-office,support-office,south,,인천광역시 QA구 사전좌표로 619,37.428360,126.633270,synthetic-pregeocoded-south-support-office
qa-pregeo-620,QA 사전좌표 620 direct-agency,direct-agency,north,,인천광역시 QA구 사전좌표로 620,37.432460,126.638470,synthetic-pregeocoded-north-direct-agency
qa-pregeo-621,QA 사전좌표 621 library,library,east,,인천광역시 QA구 사전좌표로 621,37.436560,126.482600,synthetic-pregeocoded-east-library
qa-pregeo-622,QA 사전좌표 622 experience-site,experience-site,west,,인천광역시 QA구 사전좌표로 622,37.440660,126.487800,synthetic-pregeocoded-west-experience-site
qa-pregeo-623,QA 사전좌표 623 partner,partner,unassigned,,인천광역시 QA구 사전좌표로 623,37.444760,126.493000,synthetic-pregeocoded-unassigned-partner
qa-pregeo-624,QA 사전좌표 624 imported,imported,main,,인천광역시 QA구 사전좌표로 624,37.448860,126.498200,synthetic-pregeocoded-main-imported
qa-pregeo-625,QA 사전좌표 625 school,school,ganghwa,유치원,인천광역시 QA구 사전좌표로 625,37.452960,126.503400,synthetic-pregeocoded-ganghwa-school
qa-pregeo-626,QA 사전좌표 626 headquarters,headquarters,south,,인천광역시 QA구 사전좌표로 626,37.457060,126.508600,synthetic-pregeocoded-south-headquarters
qa-pregeo-627,QA 사전좌표 627 support-office,support-office,north,,인천광역시 QA구 사전좌표로 627,37.461160,126.513800,synthetic-pregeocoded-north-support-office
qa-pregeo-628,QA 사전좌표 628 direct-agency,direct-agency,east,,인천광역시 QA구 사전좌표로 628,37.465260,126.519000,synthetic-pregeocoded-east-direct-agency
qa-pregeo-629,QA 사전좌표 629 library,library,west,,인천광역시 QA구 사전좌표로 629,37.469360,126.524200,synthetic-pregeocoded-west-library
qa-pregeo-630,QA 사전좌표 630 experience-site,experience-site,unassigned,,인천광역시 QA구 사전좌표로 630,37.321870,126.529400,synthetic-pregeocoded-unassigned-experience-site
qa-pregeo-631,QA 사전좌표 631 partner,partner,main,,인천광역시 QA구 사전좌표로 631,37.325970,126.534600,synthetic-pregeocoded-main-partner
qa-pregeo-632,QA 사전좌표 632 imported,imported,ganghwa,,인천광역시 QA구 사전좌표로 632,37.330070,126.539800,synthetic-pregeocoded-ganghwa-imported
qa-pregeo-633,QA 사전좌표 633 school,school,south,중학교,인천광역시 QA구 사전좌표로 633,37.334170,126.545000,synthetic-pregeocoded-south-school
qa-pregeo-634,QA 사전좌표 634 headquarters,headquarters,north,,인천광역시 QA구 사전좌표로 634,37.338270,126.550200,synthetic-pregeocoded-north-headquarters
qa-pregeo-635,QA 사전좌표 635 support-office,support-office,east,,인천광역시 QA구 사전좌표로 635,37.342370,126.555400,synthetic-pregeocoded-east-support-office
qa-pregeo-636,QA 사전좌표 636 direct-agency,direct-agency,west,,인천광역시 QA구 사전좌표로 636,37.346470,126.560600,synthetic-pregeocoded-west-direct-agency
qa-pregeo-637,QA 사전좌표 637 library,library,unassigned,,인천광역시 QA구 사전좌표로 637,37.350570,126.565800,synthetic-pregeocoded-unassigned-library
qa-pregeo-638,QA 사전좌표 638 experience-site,experience-site,main,,인천광역시 QA구 사전좌표로 638,37.354670,126.571000,synthetic-pregeocoded-main-experience-site
qa-pregeo-639,QA 사전좌표 639 partner,partner,ganghwa,,인천광역시 QA구 사전좌표로 639,37.358770,126.576200,synthetic-pregeocoded-ganghwa-partner
qa-pregeo-640,QA 사전좌표 640 imported,imported,south,,인천광역시 QA구 사전좌표로 640,37.362870,126.581400,synthetic-pregeocoded-south-imported
qa-pregeo-641,QA 사전좌표 641 school,school,north,특수학교,인천광역시 QA구 사전좌표로 641,37.366970,126.586600,synthetic-pregeocoded-north-school
qa-pregeo-642,QA 사전좌표 642 headquarters,headquarters,east,,인천광역시 QA구 사전좌표로 642,37.371070,126.591800,synthetic-pregeocoded-east-headquarters
qa-pregeo-643,QA 사전좌표 643 support-office,support-office,west,,인천광역시 QA구 사전좌표로 643,37.375170,126.597000,synthetic-pregeocoded-west-support-office
qa-pregeo-644,QA 사전좌표 644 direct-agency,direct-agency,unassigned,,인천광역시 QA구 사전좌표로 644,37.379270,126.602200,synthetic-pregeocoded-unassigned-direct-agency
qa-pregeo-645,QA 사전좌표 645 library,library,main,,인천광역시 QA구 사전좌표로 645,37.383370,126.607400,synthetic-pregeocoded-main-library
qa-pregeo-646,QA 사전좌표 646 experience-site,experience-site,ganghwa,,인천광역시 QA구 사전좌표로 646,37.387470,126.612600,synthetic-pregeocoded-ganghwa-experience-site
qa-pregeo-647,QA 사전좌표 647 partner,partner,south,,인천광역시 QA구 사전좌표로 647,37.391570,126.617800,synthetic-pregeocoded-south-partner
qa-pregeo-648,QA 사전좌표 648 imported,imported,north,,인천광역시 QA구 사전좌표로 648,37.395670,126.623000,synthetic-pregeocoded-north-imported
qa-pregeo-649,QA 사전좌표 649 school,school,east,유치원,인천광역시 QA구 사전좌표로 649,37.399770,126.628200,synthetic-pregeocoded-east-school
qa-pregeo-650,QA 사전좌표 650 headquarters,headquarters,west,,인천광역시 QA구 사전좌표로 650,37.403870,126.633400,synthetic-pregeocoded-west-headquarters
qa-pregeo-651,QA 사전좌표 651 support-office,support-office,unassigned,,인천광역시 QA구 사전좌표로 651,37.407970,126.638600,synthetic-pregeocoded-unassigned-support-office
qa-pregeo-652,QA 사전좌표 652 direct-agency,direct-agency,main,,인천광역시 QA구 사전좌표로 652,37.412070,126.482730,synthetic-pregeocoded-main-direct-agency
qa-pregeo-653,QA 사전좌표 653 library,library,ganghwa,,인천광역시 QA구 사전좌표로 653,37.416170,126.487930,synthetic-pregeocoded-ganghwa-library
qa-pregeo-654,QA 사전좌표 654 experience-site,experience-site,south,,인천광역시 QA구 사전좌표로 654,37.420270,126.493130,synthetic-pregeocoded-south-experience-site
qa-pregeo-655,QA 사전좌표 655 partner,partner,north,,인천광역시 QA구 사전좌표로 655,37.424370,126.498330,synthetic-pregeocoded-north-partner
qa-pregeo-656,QA 사전좌표 656 imported,imported,east,,인천광역시 QA구 사전좌표로 656,37.428470,126.503530,synthetic-pregeocoded-east-imported
qa-pregeo-657,QA 사전좌표 657 school,school,west,중학교,인천광역시 QA구 사전좌표로 657,37.432570,126.508730,synthetic-pregeocoded-west-school
qa-pregeo-658,QA 사전좌표 658 headquarters,headquarters,unassigned,,인천광역시 QA구 사전좌표로 658,37.436670,126.513930,synthetic-pregeocoded-unassigned-headquarters
qa-pregeo-659,QA 사전좌표 659 support-office,support-office,main,,인천광역시 QA구 사전좌표로 659,37.440770,126.519130,synthetic-pregeocoded-main-support-office
qa-pregeo-660,QA 사전좌표 660 direct-agency,direct-agency,ganghwa,,인천광역시 QA구 사전좌표로 660,37.444870,126.524330,synthetic-pregeocoded-ganghwa-direct-agency
qa-pregeo-661,QA 사전좌표 661 library,library,south,,인천광역시 QA구 사전좌표로 661,37.448970,126.529530,synthetic-pregeocoded-south-library
qa-pregeo-662,QA 사전좌표 662 experience-site,experience-site,north,,인천광역시 QA구 사전좌표로 662,37.453070,126.534730,synthetic-pregeocoded-north-experience-site
qa-pregeo-663,QA 사전좌표 663 partner,partner,east,,인천광역시 QA구 사전좌표로 663,37.457170,126.539930,synthetic-pregeocoded-east-partner
qa-pregeo-664,QA 사전좌표 664 imported,imported,west,,인천광역시 QA구 사전좌표로 664,37.461270,126.545130,synthetic-pregeocoded-west-imported
qa-pregeo-665,QA 사전좌표 665 school,school,unassigned,특수학교,인천광역시 QA구 사전좌표로 665,37.465370,126.550330,synthetic-pregeocoded-unassigned-school
qa-pregeo-666,QA 사전좌표 666 headquarters,headquarters,main,,인천광역시 QA구 사전좌표로 666,37.469470,126.555530,synthetic-pregeocoded-main-headquarters
qa-pregeo-667,QA 사전좌표 667 support-office,support-office,ganghwa,,인천광역시 QA구 사전좌표로 667,37.321980,126.560730,synthetic-pregeocoded-ganghwa-support-office
qa-pregeo-668,QA 사전좌표 668 direct-agency,direct-agency,south,,인천광역시 QA구 사전좌표로 668,37.326080,126.565930,synthetic-pregeocoded-south-direct-agency
qa-pregeo-669,QA 사전좌표 669 library,library,north,,인천광역시 QA구 사전좌표로 669,37.330180,126.571130,synthetic-pregeocoded-north-library
qa-pregeo-670,QA 사전좌표 670 experience-site,experience-site,east,,인천광역시 QA구 사전좌표로 670,37.334280,126.576330,synthetic-pregeocoded-east-experience-site
qa-pregeo-671,QA 사전좌표 671 partner,partner,west,,인천광역시 QA구 사전좌표로 671,37.338380,126.581530,synthetic-pregeocoded-west-partner
qa-pregeo-672,QA 사전좌표 672 imported,imported,unassigned,,인천광역시 QA구 사전좌표로 672,37.342480,126.586730,synthetic-pregeocoded-unassigned-imported
qa-pregeo-673,QA 사전좌표 673 school,school,main,유치원,인천광역시 QA구 사전좌표로 673,37.346580,126.591930,synthetic-pregeocoded-main-school
qa-pregeo-674,QA 사전좌표 674 headquarters,headquarters,ganghwa,,인천광역시 QA구 사전좌표로 674,37.350680,126.597130,synthetic-pregeocoded-ganghwa-headquarters
qa-pregeo-675,QA 사전좌표 675 support-office,support-office,south,,인천광역시 QA구 사전좌표로 675,37.354780,126.602330,synthetic-pregeocoded-south-support-office
qa-pregeo-676,QA 사전좌표 676 direct-agency,direct-agency,north,,인천광역시 QA구 사전좌표로 676,37.358880,126.607530,synthetic-pregeocoded-north-direct-agency
qa-pregeo-677,QA 사전좌표 677 library,library,east,,인천광역시 QA구 사전좌표로 677,37.362980,126.612730,synthetic-pregeocoded-east-library
qa-pregeo-678,QA 사전좌표 678 experience-site,experience-site,west,,인천광역시 QA구 사전좌표로 678,37.367080,126.617930,synthetic-pregeocoded-west-experience-site
qa-pregeo-679,QA 사전좌표 679 partner,partner,unassigned,,인천광역시 QA구 사전좌표로 679,37.371180,126.623130,synthetic-pregeocoded-unassigned-partner
qa-pregeo-680,QA 사전좌표 680 imported,imported,main,,인천광역시 QA구 사전좌표로 680,37.375280,126.628330,synthetic-pregeocoded-main-imported
qa-pregeo-681,QA 사전좌표 681 school,school,ganghwa,중학교,인천광역시 QA구 사전좌표로 681,37.379380,126.633530,synthetic-pregeocoded-ganghwa-school
qa-pregeo-682,QA 사전좌표 682 headquarters,headquarters,south,,인천광역시 QA구 사전좌표로 682,37.383480,126.638730,synthetic-pregeocoded-south-headquarters
qa-pregeo-683,QA 사전좌표 683 support-office,support-office,north,,인천광역시 QA구 사전좌표로 683,37.387580,126.482860,synthetic-pregeocoded-north-support-office
qa-pregeo-684,QA 사전좌표 684 direct-agency,direct-agency,east,,인천광역시 QA구 사전좌표로 684,37.391680,126.488060,synthetic-pregeocoded-east-direct-agency
qa-pregeo-685,QA 사전좌표 685 library,library,west,,인천광역시 QA구 사전좌표로 685,37.395780,126.493260,synthetic-pregeocoded-west-library
qa-pregeo-686,QA 사전좌표 686 experience-site,experience-site,unassigned,,인천광역시 QA구 사전좌표로 686,37.399880,126.498460,synthetic-pregeocoded-unassigned-experience-site
qa-pregeo-687,QA 사전좌표 687 partner,partner,main,,인천광역시 QA구 사전좌표로 687,37.403980,126.503660,synthetic-pregeocoded-main-partner
qa-pregeo-688,QA 사전좌표 688 imported,imported,ganghwa,,인천광역시 QA구 사전좌표로 688,37.408080,126.508860,synthetic-pregeocoded-ganghwa-imported
qa-pregeo-689,QA 사전좌표 689 school,school,south,특수학교,인천광역시 QA구 사전좌표로 689,37.412180,126.514060,synthetic-pregeocoded-south-school
qa-pregeo-690,QA 사전좌표 690 headquarters,headquarters,north,,인천광역시 QA구 사전좌표로 690,37.416280,126.519260,synthetic-pregeocoded-north-headquarters
qa-pregeo-691,QA 사전좌표 691 support-office,support-office,east,,인천광역시 QA구 사전좌표로 691,37.420380,126.524460,synthetic-pregeocoded-east-support-office
qa-pregeo-692,QA 사전좌표 692 direct-agency,direct-agency,west,,인천광역시 QA구 사전좌표로 692,37.424480,126.529660,synthetic-pregeocoded-west-direct-agency
qa-pregeo-693,QA 사전좌표 693 library,library,unassigned,,인천광역시 QA구 사전좌표로 693,37.428580,126.534860,synthetic-pregeocoded-unassigned-library
qa-pregeo-694,QA 사전좌표 694 experience-site,experience-site,main,,인천광역시 QA구 사전좌표로 694,37.432680,126.540060,synthetic-pregeocoded-main-experience-site
qa-pregeo-695,QA 사전좌표 695 partner,partner,ganghwa,,인천광역시 QA구 사전좌표로 695,37.436780,126.545260,synthetic-pregeocoded-ganghwa-partner
qa-pregeo-696,QA 사전좌표 696 imported,imported,south,,인천광역시 QA구 사전좌표로 696,37.440880,126.550460,synthetic-pregeocoded-south-imported
qa-pregeo-697,QA 사전좌표 697 school,school,north,유치원,인천광역시 QA구 사전좌표로 697,37.444980,126.555660,synthetic-pregeocoded-north-school
qa-pregeo-698,QA 사전좌표 698 headquarters,headquarters,east,,인천광역시 QA구 사전좌표로 698,37.449080,126.560860,synthetic-pregeocoded-east-headquarters
qa-pregeo-699,QA 사전좌표 699 support-office,support-office,west,,인천광역시 QA구 사전좌표로 699,37.453180,126.566060,synthetic-pregeocoded-west-support-office
qa-pregeo-700,QA 사전좌표 700 direct-agency,direct-agency,unassigned,,인천광역시 QA구 사전좌표로 700,37.457280,126.571260,synthetic-pregeocoded-unassigned-direct-agency
qa-pregeo-701,QA 사전좌표 701 library,library,main,,인천광역시 QA구 사전좌표로 701,37.461380,126.576460,synthetic-pregeocoded-main-library
qa-pregeo-702,QA 사전좌표 702 experience-site,experience-site,ganghwa,,인천광역시 QA구 사전좌표로 702,37.465480,126.581660,synthetic-pregeocoded-ganghwa-experience-site
qa-pregeo-703,QA 사전좌표 703 partner,partner,south,,인천광역시 QA구 사전좌표로 703,37.469580,126.586860,synthetic-pregeocoded-south-partner
qa-pregeo-704,QA 사전좌표 704 imported,imported,north,,인천광역시 QA구 사전좌표로 704,37.322090,126.592060,synthetic-pregeocoded-north-imported
qa-pregeo-705,QA 사전좌표 705 school,school,east,중학교,인천광역시 QA구 사전좌표로 705,37.326190,126.597260,synthetic-pregeocoded-east-school
qa-pregeo-706,QA 사전좌표 706 headquarters,headquarters,west,,인천광역시 QA구 사전좌표로 706,37.330290,126.602460,synthetic-pregeocoded-west-headquarters
qa-pregeo-707,QA 사전좌표 707 support-office,support-office,unassigned,,인천광역시 QA구 사전좌표로 707,37.334390,126.607660,synthetic-pregeocoded-unassigned-support-office
qa-pregeo-708,QA 사전좌표 708 direct-agency,direct-agency,main,,인천광역시 QA구 사전좌표로 708,37.338490,126.612860,synthetic-pregeocoded-main-direct-agency
qa-pregeo-709,QA 사전좌표 709 library,library,ganghwa,,인천광역시 QA구 사전좌표로 709,37.342590,126.618060,synthetic-pregeocoded-ganghwa-library
qa-pregeo-710,QA 사전좌표 710 experience-site,experience-site,south,,인천광역시 QA구 사전좌표로 710,37.346690,126.623260,synthetic-pregeocoded-south-experience-site
qa-pregeo-711,QA 사전좌표 711 partner,partner,north,,인천광역시 QA구 사전좌표로 711,37.350790,126.628460,synthetic-pregeocoded-north-partner
qa-pregeo-712,QA 사전좌표 712 imported,imported,east,,인천광역시 QA구 사전좌표로 712,37.354890,126.633660,synthetic-pregeocoded-east-imported
qa-pregeo-713,QA 사전좌표 713 school,school,west,특수학교,인천광역시 QA구 사전좌표로 713,37.358990,126.638860,synthetic-pregeocoded-west-school
qa-pregeo-714,QA 사전좌표 714 headquarters,headquarters,unassigned,,인천광역시 QA구 사전좌표로 714,37.363090,126.482990,synthetic-pregeocoded-unassigned-headquarters
qa-pregeo-715,QA 사전좌표 715 support-office,support-office,main,,인천광역시 QA구 사전좌표로 715,37.367190,126.488190,synthetic-pregeocoded-main-support-office
qa-pregeo-716,QA 사전좌표 716 direct-agency,direct-agency,ganghwa,,인천광역시 QA구 사전좌표로 716,37.371290,126.493390,synthetic-pregeocoded-ganghwa-direct-agency
qa-pregeo-717,QA 사전좌표 717 library,library,south,,인천광역시 QA구 사전좌표로 717,37.375390,126.498590,synthetic-pregeocoded-south-library
qa-pregeo-718,QA 사전좌표 718 experience-site,experience-site,north,,인천광역시 QA구 사전좌표로 718,37.379490,126.503790,synthetic-pregeocoded-north-experience-site
qa-pregeo-719,QA 사전좌표 719 partner,partner,east,,인천광역시 QA구 사전좌표로 719,37.383590,126.508990,synthetic-pregeocoded-east-partner
qa-pregeo-720,QA 사전좌표 720 imported,imported,west,,인천광역시 QA구 사전좌표로 720,37.387690,126.514190,synthetic-pregeocoded-west-imported
qa-pregeo-721,QA 사전좌표 721 school,school,unassigned,유치원,인천광역시 QA구 사전좌표로 721,37.391790,126.519390,synthetic-pregeocoded-unassigned-school
qa-pregeo-722,QA 사전좌표 722 headquarters,headquarters,main,,인천광역시 QA구 사전좌표로 722,37.395890,126.524590,synthetic-pregeocoded-main-headquarters
qa-pregeo-723,QA 사전좌표 723 support-office,support-office,ganghwa,,인천광역시 QA구 사전좌표로 723,37.399990,126.529790,synthetic-pregeocoded-ganghwa-support-office
qa-pregeo-724,QA 사전좌표 724 direct-agency,direct-agency,south,,인천광역시 QA구 사전좌표로 724,37.404090,126.534990,synthetic-pregeocoded-south-direct-agency
qa-pregeo-725,QA 사전좌표 725 library,library,north,,인천광역시 QA구 사전좌표로 725,37.408190,126.540190,synthetic-pregeocoded-north-library
qa-pregeo-726,QA 사전좌표 726 experience-site,experience-site,east,,인천광역시 QA구 사전좌표로 726,37.412290,126.545390,synthetic-pregeocoded-east-experience-site
qa-pregeo-727,QA 사전좌표 727 partner,partner,west,,인천광역시 QA구 사전좌표로 727,37.416390,126.550590,synthetic-pregeocoded-west-partner
qa-pregeo-728,QA 사전좌표 728 imported,imported,unassigned,,인천광역시 QA구 사전좌표로 728,37.420490,126.555790,synthetic-pregeocoded-unassigned-imported
qa-pregeo-729,QA 사전좌표 729 school,school,main,중학교,인천광역시 QA구 사전좌표로 729,37.424590,126.560990,synthetic-pregeocoded-main-school
qa-pregeo-730,QA 사전좌표 730 headquarters,headquarters,ganghwa,,인천광역시 QA구 사전좌표로 730,37.428690,126.566190,synthetic-pregeocoded-ganghwa-headquarters
qa-pregeo-731,QA 사전좌표 731 support-office,support-office,south,,인천광역시 QA구 사전좌표로 731,37.432790,126.571390,synthetic-pregeocoded-south-support-office
qa-pregeo-732,QA 사전좌표 732 direct-agency,direct-agency,north,,인천광역시 QA구 사전좌표로 732,37.436890,126.576590,synthetic-pregeocoded-north-direct-agency
qa-pregeo-733,QA 사전좌표 733 library,library,east,,인천광역시 QA구 사전좌표로 733,37.440990,126.581790,synthetic-pregeocoded-east-library
qa-pregeo-734,QA 사전좌표 734 experience-site,experience-site,west,,인천광역시 QA구 사전좌표로 734,37.445090,126.586990,synthetic-pregeocoded-west-experience-site
qa-pregeo-735,QA 사전좌표 735 partner,partner,unassigned,,인천광역시 QA구 사전좌표로 735,37.449190,126.592190,synthetic-pregeocoded-unassigned-partner
qa-pregeo-736,QA 사전좌표 736 imported,imported,main,,인천광역시 QA구 사전좌표로 736,37.453290,126.597390,synthetic-pregeocoded-main-imported
qa-pregeo-737,QA 사전좌표 737 school,school,ganghwa,특수학교,인천광역시 QA구 사전좌표로 737,37.457390,126.602590,synthetic-pregeocoded-ganghwa-school
qa-pregeo-738,QA 사전좌표 738 headquarters,headquarters,south,,인천광역시 QA구 사전좌표로 738,37.461490,126.607790,synthetic-pregeocoded-south-headquarters
qa-pregeo-739,QA 사전좌표 739 support-office,support-office,north,,인천광역시 QA구 사전좌표로 739,37.465590,126.612990,synthetic-pregeocoded-north-support-office
qa-pregeo-740,QA 사전좌표 740 direct-agency,direct-agency,east,,인천광역시 QA구 사전좌표로 740,37.469690,126.618190,synthetic-pregeocoded-east-direct-agency
qa-pregeo-741,QA 사전좌표 741 library,library,west,,인천광역시 QA구 사전좌표로 741,37.322200,126.623390,synthetic-pregeocoded-west-library
qa-pregeo-742,QA 사전좌표 742 experience-site,experience-site,unassigned,,인천광역시 QA구 사전좌표로 742,37.326300,126.628590,synthetic-pregeocoded-unassigned-experience-site
qa-pregeo-743,QA 사전좌표 743 partner,partner,main,,인천광역시 QA구 사전좌표로 743,37.330400,126.633790,synthetic-pregeocoded-main-partner
qa-pregeo-744,QA 사전좌표 744 imported,imported,ganghwa,,인천광역시 QA구 사전좌표로 744,37.334500,126.638990,synthetic-pregeocoded-ganghwa-imported
qa-pregeo-745,QA 사전좌표 745 school,school,south,유치원,인천광역시 QA구 사전좌표로 745,37.338600,126.483120,synthetic-pregeocoded-south-school
qa-pregeo-746,QA 사전좌표 746 headquarters,headquarters,north,,인천광역시 QA구 사전좌표로 746,37.342700,126.488320,synthetic-pregeocoded-north-headquarters
qa-pregeo-747,QA 사전좌표 747 support-office,support-office,east,,인천광역시 QA구 사전좌표로 747,37.346800,126.493520,synthetic-pregeocoded-east-support-office
qa-pregeo-748,QA 사전좌표 748 direct-agency,direct-agency,west,,인천광역시 QA구 사전좌표로 748,37.350900,126.498720,synthetic-pregeocoded-west-direct-agency
qa-pregeo-749,QA 사전좌표 749 library,library,unassigned,,인천광역시 QA구 사전좌표로 749,37.355000,126.503920,synthetic-pregeocoded-unassigned-library
qa-pregeo-750,QA 사전좌표 750 experience-site,experience-site,main,,인천광역시 QA구 사전좌표로 750,37.359100,126.509120,synthetic-pregeocoded-main-experience-site
qa-pregeo-751,QA 사전좌표 751 partner,partner,ganghwa,,인천광역시 QA구 사전좌표로 751,37.363200,126.514320,synthetic-pregeocoded-ganghwa-partner
qa-pregeo-752,QA 사전좌표 752 imported,imported,south,,인천광역시 QA구 사전좌표로 752,37.367300,126.519520,synthetic-pregeocoded-south-imported
qa-pregeo-753,QA 사전좌표 753 school,school,north,중학교,인천광역시 QA구 사전좌표로 753,37.371400,126.524720,synthetic-pregeocoded-north-school
qa-pregeo-754,QA 사전좌표 754 headquarters,headquarters,east,,인천광역시 QA구 사전좌표로 754,37.375500,126.529920,synthetic-pregeocoded-east-headquarters
qa-pregeo-755,QA 사전좌표 755 support-office,support-office,west,,인천광역시 QA구 사전좌표로 755,37.379600,126.535120,synthetic-pregeocoded-west-support-office
qa-pregeo-756,QA 사전좌표 756 direct-agency,direct-agency,unassigned,,인천광역시 QA구 사전좌표로 756,37.383700,126.540320,synthetic-pregeocoded-unassigned-direct-agency
qa-pregeo-757,QA 사전좌표 757 library,library,main,,인천광역시 QA구 사전좌표로 757,37.387800,126.545520,synthetic-pregeocoded-main-library
qa-pregeo-758,QA 사전좌표 758 experience-site,experience-site,ganghwa,,인천광역시 QA구 사전좌표로 758,37.391900,126.550720,synthetic-pregeocoded-ganghwa-experience-site
qa-pregeo-759,QA 사전좌표 759 partner,partner,south,,인천광역시 QA구 사전좌표로 759,37.396000,126.555920,synthetic-pregeocoded-south-partner
qa-pregeo-760,QA 사전좌표 760 imported,imported,north,,인천광역시 QA구 사전좌표로 760,37.400100,126.561120,synthetic-pregeocoded-north-imported
qa-pregeo-761,QA 사전좌표 761 school,school,east,특수학교,인천광역시 QA구 사전좌표로 761,37.404200,126.566320,synthetic-pregeocoded-east-school
qa-pregeo-762,QA 사전좌표 762 headquarters,headquarters,west,,인천광역시 QA구 사전좌표로 762,37.408300,126.571520,synthetic-pregeocoded-west-headquarters
qa-pregeo-763,QA 사전좌표 763 support-office,support-office,unassigned,,인천광역시 QA구 사전좌표로 763,37.412400,126.576720,synthetic-pregeocoded-unassigned-support-office
qa-pregeo-764,QA 사전좌표 764 direct-agency,direct-agency,main,,인천광역시 QA구 사전좌표로 764,37.416500,126.581920,synthetic-pregeocoded-main-direct-agency
qa-pregeo-765,QA 사전좌표 765 library,library,ganghwa,,인천광역시 QA구 사전좌표로 765,37.420600,126.587120,synthetic-pregeocoded-ganghwa-library
qa-pregeo-766,QA 사전좌표 766 experience-site,experience-site,south,,인천광역시 QA구 사전좌표로 766,37.424700,126.592320,synthetic-pregeocoded-south-experience-site
qa-pregeo-767,QA 사전좌표 767 partner,partner,north,,인천광역시 QA구 사전좌표로 767,37.428800,126.597520,synthetic-pregeocoded-north-partner
qa-pregeo-768,QA 사전좌표 768 imported,imported,east,,인천광역시 QA구 사전좌표로 768,37.432900,126.602720,synthetic-pregeocoded-east-imported
qa-pregeo-769,QA 사전좌표 769 school,school,west,유치원,인천광역시 QA구 사전좌표로 769,37.437000,126.607920,synthetic-pregeocoded-west-school
qa-pregeo-770,QA 사전좌표 770 headquarters,headquarters,unassigned,,인천광역시 QA구 사전좌표로 770,37.441100,126.613120,synthetic-pregeocoded-unassigned-headquarters
qa-pregeo-771,QA 사전좌표 771 support-office,support-office,main,,인천광역시 QA구 사전좌표로 771,37.445200,126.618320,synthetic-pregeocoded-main-support-office
qa-pregeo-772,QA 사전좌표 772 direct-agency,direct-agency,ganghwa,,인천광역시 QA구 사전좌표로 772,37.449300,126.623520,synthetic-pregeocoded-ganghwa-direct-agency
qa-pregeo-773,QA 사전좌표 773 library,library,south,,인천광역시 QA구 사전좌표로 773,37.453400,126.628720,synthetic-pregeocoded-south-library
qa-pregeo-774,QA 사전좌표 774 experience-site,experience-site,north,,인천광역시 QA구 사전좌표로 774,37.457500,126.633920,synthetic-pregeocoded-north-experience-site
qa-pregeo-775,QA 사전좌표 775 partner,partner,east,,인천광역시 QA구 사전좌표로 775,37.461600,126.639120,synthetic-pregeocoded-east-partner
qa-pregeo-776,QA 사전좌표 776 imported,imported,west,,인천광역시 QA구 사전좌표로 776,37.465700,126.483250,synthetic-pregeocoded-west-imported
qa-pregeo-777,QA 사전좌표 777 school,school,unassigned,중학교,인천광역시 QA구 사전좌표로 777,37.469800,126.488450,synthetic-pregeocoded-unassigned-school
qa-pregeo-778,QA 사전좌표 778 headquarters,headquarters,main,,인천광역시 QA구 사전좌표로 778,37.322310,126.493650,synthetic-pregeocoded-main-headquarters
qa-pregeo-779,QA 사전좌표 779 support-office,support-office,ganghwa,,인천광역시 QA구 사전좌표로 779,37.326410,126.498850,synthetic-pregeocoded-ganghwa-support-office
qa-pregeo-780,QA 사전좌표 780 direct-agency,direct-agency,south,,인천광역시 QA구 사전좌표로 780,37.330510,126.504050,synthetic-pregeocoded-south-direct-agency
qa-pregeo-781,QA 사전좌표 781 library,library,north,,인천광역시 QA구 사전좌표로 781,37.334610,126.509250,synthetic-pregeocoded-north-library
qa-pregeo-782,QA 사전좌표 782 experience-site,experience-site,east,,인천광역시 QA구 사전좌표로 782,37.338710,126.514450,synthetic-pregeocoded-east-experience-site
qa-pregeo-783,QA 사전좌표 783 partner,partner,west,,인천광역시 QA구 사전좌표로 783,37.342810,126.519650,synthetic-pregeocoded-west-partner
qa-pregeo-784,QA 사전좌표 784 imported,imported,unassigned,,인천광역시 QA구 사전좌표로 784,37.346910,126.524850,synthetic-pregeocoded-unassigned-imported
qa-pregeo-785,QA 사전좌표 785 school,school,main,특수학교,인천광역시 QA구 사전좌표로 785,37.351010,126.530050,synthetic-pregeocoded-main-school
qa-pregeo-786,QA 사전좌표 786 headquarters,headquarters,ganghwa,,인천광역시 QA구 사전좌표로 786,37.355110,126.535250,synthetic-pregeocoded-ganghwa-headquarters
qa-pregeo-787,QA 사전좌표 787 support-office,support-office,south,,인천광역시 QA구 사전좌표로 787,37.359210,126.540450,synthetic-pregeocoded-south-support-office
qa-pregeo-788,QA 사전좌표 788 direct-agency,direct-agency,north,,인천광역시 QA구 사전좌표로 788,37.363310,126.545650,synthetic-pregeocoded-north-direct-agency
qa-pregeo-789,QA 사전좌표 789 library,library,east,,인천광역시 QA구 사전좌표로 789,37.367410,126.550850,synthetic-pregeocoded-east-library
qa-pregeo-790,QA 사전좌표 790 experience-site,experience-site,west,,인천광역시 QA구 사전좌표로 790,37.371510,126.556050,synthetic-pregeocoded-west-experience-site
qa-pregeo-791,QA 사전좌표 791 partner,partner,unassigned,,인천광역시 QA구 사전좌표로 791,37.375610,126.561250,synthetic-pregeocoded-unassigned-partner
qa-pregeo-792,QA 사전좌표 792 imported,imported,main,,인천광역시 QA구 사전좌표로 792,37.379710,126.566450,synthetic-pregeocoded-main-imported
qa-pregeo-793,QA 사전좌표 793 school,school,ganghwa,유치원,인천광역시 QA구 사전좌표로 793,37.383810,126.571650,synthetic-pregeocoded-ganghwa-school
qa-pregeo-794,QA 사전좌표 794 headquarters,headquarters,south,,인천광역시 QA구 사전좌표로 794,37.387910,126.576850,synthetic-pregeocoded-south-headquarters
qa-pregeo-795,QA 사전좌표 795 support-office,support-office,north,,인천광역시 QA구 사전좌표로 795,37.392010,126.582050,synthetic-pregeocoded-north-support-office
qa-pregeo-796,QA 사전좌표 796 direct-agency,direct-agency,east,,인천광역시 QA구 사전좌표로 796,37.396110,126.587250,synthetic-pregeocoded-east-direct-agency
qa-pregeo-797,QA 사전좌표 797 library,library,west,,인천광역시 QA구 사전좌표로 797,37.400210,126.592450,synthetic-pregeocoded-west-library
qa-pregeo-798,QA 사전좌표 798 experience-site,experience-site,unassigned,,인천광역시 QA구 사전좌표로 798,37.404310,126.597650,synthetic-pregeocoded-unassigned-experience-site
qa-pregeo-799,QA 사전좌표 799 partner,partner,main,,인천광역시 QA구 사전좌표로 799,37.408410,126.602850,synthetic-pregeocoded-main-partner
qa-pregeo-800,QA 사전좌표 800 imported,imported,ganghwa,,인천광역시 QA구 사전좌표로 800,37.412510,126.608050,synthetic-pregeocoded-ganghwa-imported
qa-pregeo-801,QA 사전좌표 801 school,school,south,중학교,인천광역시 QA구 사전좌표로 801,37.416610,126.613250,synthetic-pregeocoded-south-school
qa-pregeo-802,QA 사전좌표 802 headquarters,headquarters,north,,인천광역시 QA구 사전좌표로 802,37.420710,126.618450,synthetic-pregeocoded-north-headquarters
qa-pregeo-803,QA 사전좌표 803 support-office,support-office,east,,인천광역시 QA구 사전좌표로 803,37.424810,126.623650,synthetic-pregeocoded-east-support-office
qa-pregeo-804,QA 사전좌표 804 direct-agency,direct-agency,west,,인천광역시 QA구 사전좌표로 804,37.428910,126.628850,synthetic-pregeocoded-west-direct-agency
qa-pregeo-805,QA 사전좌표 805 library,library,unassigned,,인천광역시 QA구 사전좌표로 805,37.433010,126.634050,synthetic-pregeocoded-unassigned-library
qa-pregeo-806,QA 사전좌표 806 experience-site,experience-site,main,,인천광역시 QA구 사전좌표로 806,37.437110,126.639250,synthetic-pregeocoded-main-experience-site
qa-pregeo-807,QA 사전좌표 807 partner,partner,ganghwa,,인천광역시 QA구 사전좌표로 807,37.441210,126.483380,synthetic-pregeocoded-ganghwa-partner
qa-pregeo-808,QA 사전좌표 808 imported,imported,south,,인천광역시 QA구 사전좌표로 808,37.445310,126.488580,synthetic-pregeocoded-south-imported
qa-pregeo-809,QA 사전좌표 809 school,school,north,특수학교,인천광역시 QA구 사전좌표로 809,37.449410,126.493780,synthetic-pregeocoded-north-school
qa-pregeo-810,QA 사전좌표 810 headquarters,headquarters,east,,인천광역시 QA구 사전좌표로 810,37.453510,126.498980,synthetic-pregeocoded-east-headquarters
qa-pregeo-811,QA 사전좌표 811 support-office,support-office,west,,인천광역시 QA구 사전좌표로 811,37.457610,126.504180,synthetic-pregeocoded-west-support-office
qa-pregeo-812,QA 사전좌표 812 direct-agency,direct-agency,unassigned,,인천광역시 QA구 사전좌표로 812,37.461710,126.509380,synthetic-pregeocoded-unassigned-direct-agency
qa-pregeo-813,QA 사전좌표 813 library,library,main,,인천광역시 QA구 사전좌표로 813,37.465810,126.514580,synthetic-pregeocoded-main-library
qa-pregeo-814,QA 사전좌표 814 experience-site,experience-site,ganghwa,,인천광역시 QA구 사전좌표로 814,37.469910,126.519780,synthetic-pregeocoded-ganghwa-experience-site
qa-pregeo-815,QA 사전좌표 815 partner,partner,south,,인천광역시 QA구 사전좌표로 815,37.322420,126.524980,synthetic-pregeocoded-south-partner
qa-pregeo-816,QA 사전좌표 816 imported,imported,north,,인천광역시 QA구 사전좌표로 816,37.326520,126.530180,synthetic-pregeocoded-north-imported
qa-pregeo-817,QA 사전좌표 817 school,school,east,유치원,인천광역시 QA구 사전좌표로 817,37.330620,126.535380,synthetic-pregeocoded-east-school
qa-pregeo-818,QA 사전좌표 818 headquarters,headquarters,west,,인천광역시 QA구 사전좌표로 818,37.334720,126.540580,synthetic-pregeocoded-west-headquarters
qa-pregeo-819,QA 사전좌표 819 support-office,support-office,unassigned,,인천광역시 QA구 사전좌표로 819,37.338820,126.545780,synthetic-pregeocoded-unassigned-support-office
qa-pregeo-820,QA 사전좌표 820 direct-agency,direct-agency,main,,인천광역시 QA구 사전좌표로 820,37.342920,126.550980,synthetic-pregeocoded-main-direct-agency
qa-pregeo-821,QA 사전좌표 821 library,library,ganghwa,,인천광역시 QA구 사전좌표로 821,37.347020,126.556180,synthetic-pregeocoded-ganghwa-library
qa-pregeo-822,QA 사전좌표 822 experience-site,experience-site,south,,인천광역시 QA구 사전좌표로 822,37.351120,126.561380,synthetic-pregeocoded-south-experience-site
qa-pregeo-823,QA 사전좌표 823 partner,partner,north,,인천광역시 QA구 사전좌표로 823,37.355220,126.566580,synthetic-pregeocoded-north-partner
qa-pregeo-824,QA 사전좌표 824 imported,imported,east,,인천광역시 QA구 사전좌표로 824,37.359320,126.571780,synthetic-pregeocoded-east-imported
qa-pregeo-825,QA 사전좌표 825 school,school,west,중학교,인천광역시 QA구 사전좌표로 825,37.363420,126.576980,synthetic-pregeocoded-west-school
qa-pregeo-826,QA 사전좌표 826 headquarters,headquarters,unassigned,,인천광역시 QA구 사전좌표로 826,37.367520,126.582180,synthetic-pregeocoded-unassigned-headquarters
qa-pregeo-827,QA 사전좌표 827 support-office,support-office,main,,인천광역시 QA구 사전좌표로 827,37.371620,126.587380,synthetic-pregeocoded-main-support-office
qa-pregeo-828,QA 사전좌표 828 direct-agency,direct-agency,ganghwa,,인천광역시 QA구 사전좌표로 828,37.375720,126.592580,synthetic-pregeocoded-ganghwa-direct-agency
qa-pregeo-829,QA 사전좌표 829 library,library,south,,인천광역시 QA구 사전좌표로 829,37.379820,126.597780,synthetic-pregeocoded-south-library
qa-pregeo-830,QA 사전좌표 830 experience-site,experience-site,north,,인천광역시 QA구 사전좌표로 830,37.383920,126.602980,synthetic-pregeocoded-north-experience-site
qa-pregeo-831,QA 사전좌표 831 partner,partner,east,,인천광역시 QA구 사전좌표로 831,37.388020,126.608180,synthetic-pregeocoded-east-partner
qa-pregeo-832,QA 사전좌표 832 imported,imported,west,,인천광역시 QA구 사전좌표로 832,37.392120,126.613380,synthetic-pregeocoded-west-imported
qa-pregeo-833,QA 사전좌표 833 school,school,unassigned,특수학교,인천광역시 QA구 사전좌표로 833,37.396220,126.618580,synthetic-pregeocoded-unassigned-school
qa-pregeo-834,QA 사전좌표 834 headquarters,headquarters,main,,인천광역시 QA구 사전좌표로 834,37.400320,126.623780,synthetic-pregeocoded-main-headquarters
qa-pregeo-835,QA 사전좌표 835 support-office,support-office,ganghwa,,인천광역시 QA구 사전좌표로 835,37.404420,126.628980,synthetic-pregeocoded-ganghwa-support-office
qa-pregeo-836,QA 사전좌표 836 direct-agency,direct-agency,south,,인천광역시 QA구 사전좌표로 836,37.408520,126.634180,synthetic-pregeocoded-south-direct-agency
qa-pregeo-837,QA 사전좌표 837 library,library,north,,인천광역시 QA구 사전좌표로 837,37.412620,126.639380,synthetic-pregeocoded-north-library
qa-pregeo-838,QA 사전좌표 838 experience-site,experience-site,east,,인천광역시 QA구 사전좌표로 838,37.416720,126.483510,synthetic-pregeocoded-east-experience-site
qa-pregeo-839,QA 사전좌표 839 partner,partner,west,,인천광역시 QA구 사전좌표로 839,37.420820,126.488710,synthetic-pregeocoded-west-partner
qa-pregeo-840,QA 사전좌표 840 imported,imported,unassigned,,인천광역시 QA구 사전좌표로 840,37.424920,126.493910,synthetic-pregeocoded-unassigned-imported
qa-pregeo-841,QA 사전좌표 841 school,school,main,유치원,인천광역시 QA구 사전좌표로 841,37.429020,126.499110,synthetic-pregeocoded-main-school
qa-pregeo-842,QA 사전좌표 842 headquarters,headquarters,ganghwa,,인천광역시 QA구 사전좌표로 842,37.433120,126.504310,synthetic-pregeocoded-ganghwa-headquarters
qa-pregeo-843,QA 사전좌표 843 support-office,support-office,south,,인천광역시 QA구 사전좌표로 843,37.437220,126.509510,synthetic-pregeocoded-south-support-office
qa-pregeo-844,QA 사전좌표 844 direct-agency,direct-agency,north,,인천광역시 QA구 사전좌표로 844,37.441320,126.514710,synthetic-pregeocoded-north-direct-agency
qa-pregeo-845,QA 사전좌표 845 library,library,east,,인천광역시 QA구 사전좌표로 845,37.445420,126.519910,synthetic-pregeocoded-east-library
qa-pregeo-846,QA 사전좌표 846 experience-site,experience-site,west,,인천광역시 QA구 사전좌표로 846,37.449520,126.525110,synthetic-pregeocoded-west-experience-site
qa-pregeo-847,QA 사전좌표 847 partner,partner,unassigned,,인천광역시 QA구 사전좌표로 847,37.453620,126.530310,synthetic-pregeocoded-unassigned-partner
qa-pregeo-848,QA 사전좌표 848 imported,imported,main,,인천광역시 QA구 사전좌표로 848,37.457720,126.535510,synthetic-pregeocoded-main-imported
qa-pregeo-849,QA 사전좌표 849 school,school,ganghwa,중학교,인천광역시 QA구 사전좌표로 849,37.461820,126.540710,synthetic-pregeocoded-ganghwa-school
qa-pregeo-850,QA 사전좌표 850 headquarters,headquarters,south,,인천광역시 QA구 사전좌표로 850,37.465920,126.545910,synthetic-pregeocoded-south-headquarters
qa-pregeo-851,QA 사전좌표 851 support-office,support-office,north,,인천광역시 QA구 사전좌표로 851,37.470020,126.551110,synthetic-pregeocoded-north-support-office
qa-pregeo-852,QA 사전좌표 852 direct-agency,direct-agency,east,,인천광역시 QA구 사전좌표로 852,37.322530,126.556310,synthetic-pregeocoded-east-direct-agency
qa-pregeo-853,QA 사전좌표 853 library,library,west,,인천광역시 QA구 사전좌표로 853,37.326630,126.561510,synthetic-pregeocoded-west-library
qa-pregeo-854,QA 사전좌표 854 experience-site,experience-site,unassigned,,인천광역시 QA구 사전좌표로 854,37.330730,126.566710,synthetic-pregeocoded-unassigned-experience-site
qa-pregeo-855,QA 사전좌표 855 partner,partner,main,,인천광역시 QA구 사전좌표로 855,37.334830,126.571910,synthetic-pregeocoded-main-partner
qa-pregeo-856,QA 사전좌표 856 imported,imported,ganghwa,,인천광역시 QA구 사전좌표로 856,37.338930,126.577110,synthetic-pregeocoded-ganghwa-imported
qa-pregeo-857,QA 사전좌표 857 school,school,south,특수학교,인천광역시 QA구 사전좌표로 857,37.343030,126.582310,synthetic-pregeocoded-south-school
qa-pregeo-858,QA 사전좌표 858 headquarters,headquarters,north,,인천광역시 QA구 사전좌표로 858,37.347130,126.587510,synthetic-pregeocoded-north-headquarters
qa-pregeo-859,QA 사전좌표 859 support-office,support-office,east,,인천광역시 QA구 사전좌표로 859,37.351230,126.592710,synthetic-pregeocoded-east-support-office
qa-pregeo-860,QA 사전좌표 860 direct-agency,direct-agency,west,,인천광역시 QA구 사전좌표로 860,37.355330,126.597910,synthetic-pregeocoded-west-direct-agency
qa-pregeo-861,QA 사전좌표 861 library,library,unassigned,,인천광역시 QA구 사전좌표로 861,37.359430,126.603110,synthetic-pregeocoded-unassigned-library
qa-pregeo-862,QA 사전좌표 862 experience-site,experience-site,main,,인천광역시 QA구 사전좌표로 862,37.363530,126.608310,synthetic-pregeocoded-main-experience-site
qa-pregeo-863,QA 사전좌표 863 partner,partner,ganghwa,,인천광역시 QA구 사전좌표로 863,37.367630,126.613510,synthetic-pregeocoded-ganghwa-partner
qa-pregeo-864,QA 사전좌표 864 imported,imported,south,,인천광역시 QA구 사전좌표로 864,37.371730,126.618710,synthetic-pregeocoded-south-imported
qa-pregeo-865,QA 사전좌표 865 school,school,north,유치원,인천광역시 QA구 사전좌표로 865,37.375830,126.623910,synthetic-pregeocoded-north-school
qa-pregeo-866,QA 사전좌표 866 headquarters,headquarters,east,,인천광역시 QA구 사전좌표로 866,37.379930,126.629110,synthetic-pregeocoded-east-headquarters
qa-pregeo-867,QA 사전좌표 867 support-office,support-office,west,,인천광역시 QA구 사전좌표로 867,37.384030,126.634310,synthetic-pregeocoded-west-support-office
qa-pregeo-868,QA 사전좌표 868 direct-agency,direct-agency,unassigned,,인천광역시 QA구 사전좌표로 868,37.388130,126.639510,synthetic-pregeocoded-unassigned-direct-agency
qa-pregeo-869,QA 사전좌표 869 library,library,main,,인천광역시 QA구 사전좌표로 869,37.392230,126.483640,synthetic-pregeocoded-main-library
qa-pregeo-870,QA 사전좌표 870 experience-site,experience-site,ganghwa,,인천광역시 QA구 사전좌표로 870,37.396330,126.488840,synthetic-pregeocoded-ganghwa-experience-site
qa-pregeo-871,QA 사전좌표 871 partner,partner,south,,인천광역시 QA구 사전좌표로 871,37.400430,126.494040,synthetic-pregeocoded-south-partner
qa-pregeo-872,QA 사전좌표 872 imported,imported,north,,인천광역시 QA구 사전좌표로 872,37.404530,126.499240,synthetic-pregeocoded-north-imported
qa-pregeo-873,QA 사전좌표 873 school,school,east,중학교,인천광역시 QA구 사전좌표로 873,37.408630,126.504440,synthetic-pregeocoded-east-school
qa-pregeo-874,QA 사전좌표 874 headquarters,headquarters,west,,인천광역시 QA구 사전좌표로 874,37.412730,126.509640,synthetic-pregeocoded-west-headquarters
qa-pregeo-875,QA 사전좌표 875 support-office,support-office,unassigned,,인천광역시 QA구 사전좌표로 875,37.416830,126.514840,synthetic-pregeocoded-unassigned-support-office
qa-pregeo-876,QA 사전좌표 876 direct-agency,direct-agency,main,,인천광역시 QA구 사전좌표로 876,37.420930,126.520040,synthetic-pregeocoded-main-direct-agency
qa-pregeo-877,QA 사전좌표 877 library,library,ganghwa,,인천광역시 QA구 사전좌표로 877,37.425030,126.525240,synthetic-pregeocoded-ganghwa-library
qa-pregeo-878,QA 사전좌표 878 experience-site,experience-site,south,,인천광역시 QA구 사전좌표로 878,37.429130,126.530440,synthetic-pregeocoded-south-experience-site
qa-pregeo-879,QA 사전좌표 879 partner,partner,north,,인천광역시 QA구 사전좌표로 879,37.433230,126.535640,synthetic-pregeocoded-north-partner
qa-pregeo-880,QA 사전좌표 880 imported,imported,east,,인천광역시 QA구 사전좌표로 880,37.437330,126.540840,synthetic-pregeocoded-east-imported
qa-pregeo-881,QA 사전좌표 881 school,school,west,특수학교,인천광역시 QA구 사전좌표로 881,37.441430,126.546040,synthetic-pregeocoded-west-school
qa-pregeo-882,QA 사전좌표 882 headquarters,headquarters,unassigned,,인천광역시 QA구 사전좌표로 882,37.445530,126.551240,synthetic-pregeocoded-unassigned-headquarters
qa-pregeo-883,QA 사전좌표 883 support-office,support-office,main,,인천광역시 QA구 사전좌표로 883,37.449630,126.556440,synthetic-pregeocoded-main-support-office
qa-pregeo-884,QA 사전좌표 884 direct-agency,direct-agency,ganghwa,,인천광역시 QA구 사전좌표로 884,37.453730,126.561640,synthetic-pregeocoded-ganghwa-direct-agency
qa-pregeo-885,QA 사전좌표 885 library,library,south,,인천광역시 QA구 사전좌표로 885,37.457830,126.566840,synthetic-pregeocoded-south-library
qa-pregeo-886,QA 사전좌표 886 experience-site,experience-site,north,,인천광역시 QA구 사전좌표로 886,37.461930,126.572040,synthetic-pregeocoded-north-experience-site
qa-pregeo-887,QA 사전좌표 887 partner,partner,east,,인천광역시 QA구 사전좌표로 887,37.466030,126.577240,synthetic-pregeocoded-east-partner
qa-pregeo-888,QA 사전좌표 888 imported,imported,west,,인천광역시 QA구 사전좌표로 888,37.470130,126.582440,synthetic-pregeocoded-west-imported
qa-pregeo-889,QA 사전좌표 889 school,school,unassigned,유치원,인천광역시 QA구 사전좌표로 889,37.322640,126.587640,synthetic-pregeocoded-unassigned-school
qa-pregeo-890,QA 사전좌표 890 headquarters,headquarters,main,,인천광역시 QA구 사전좌표로 890,37.326740,126.592840,synthetic-pregeocoded-main-headquarters
qa-pregeo-891,QA 사전좌표 891 support-office,support-office,ganghwa,,인천광역시 QA구 사전좌표로 891,37.330840,126.598040,synthetic-pregeocoded-ganghwa-support-office
qa-pregeo-892,QA 사전좌표 892 direct-agency,direct-agency,south,,인천광역시 QA구 사전좌표로 892,37.334940,126.603240,synthetic-pregeocoded-south-direct-agency
qa-pregeo-893,QA 사전좌표 893 library,library,north,,인천광역시 QA구 사전좌표로 893,37.339040,126.608440,synthetic-pregeocoded-north-library
qa-pregeo-894,QA 사전좌표 894 experience-site,experience-site,east,,인천광역시 QA구 사전좌표로 894,37.343140,126.613640,synthetic-pregeocoded-east-experience-site
qa-pregeo-895,QA 사전좌표 895 partner,partner,west,,인천광역시 QA구 사전좌표로 895,37.347240,126.618840,synthetic-pregeocoded-west-partner
qa-pregeo-896,QA 사전좌표 896 imported,imported,unassigned,,인천광역시 QA구 사전좌표로 896,37.351340,126.624040,synthetic-pregeocoded-unassigned-imported
qa-pregeo-897,QA 사전좌표 897 school,school,main,중학교,인천광역시 QA구 사전좌표로 897,37.355440,126.629240,synthetic-pregeocoded-main-school
qa-pregeo-898,QA 사전좌표 898 headquarters,headquarters,ganghwa,,인천광역시 QA구 사전좌표로 898,37.359540,126.634440,synthetic-pregeocoded-ganghwa-headquarters
qa-pregeo-899,QA 사전좌표 899 support-office,support-office,south,,인천광역시 QA구 사전좌표로 899,37.363640,126.639640,synthetic-pregeocoded-south-support-office
qa-pregeo-900,QA 사전좌표 900 direct-agency,direct-agency,north,,인천광역시 QA구 사전좌표로 900,37.367740,126.483770,synthetic-pregeocoded-north-direct-agency
qa-pregeo-901,QA 사전좌표 901 library,library,east,,인천광역시 QA구 사전좌표로 901,37.371840,126.488970,synthetic-pregeocoded-east-library
qa-pregeo-902,QA 사전좌표 902 experience-site,experience-site,west,,인천광역시 QA구 사전좌표로 902,37.375940,126.494170,synthetic-pregeocoded-west-experience-site
qa-pregeo-903,QA 사전좌표 903 partner,partner,unassigned,,인천광역시 QA구 사전좌표로 903,37.380040,126.499370,synthetic-pregeocoded-unassigned-partner
qa-pregeo-904,QA 사전좌표 904 imported,imported,main,,인천광역시 QA구 사전좌표로 904,37.384140,126.504570,synthetic-pregeocoded-main-imported
qa-pregeo-905,QA 사전좌표 905 school,school,ganghwa,특수학교,인천광역시 QA구 사전좌표로 905,37.388240,126.509770,synthetic-pregeocoded-ganghwa-school
qa-pregeo-906,QA 사전좌표 906 headquarters,headquarters,south,,인천광역시 QA구 사전좌표로 906,37.392340,126.514970,synthetic-pregeocoded-south-headquarters
qa-pregeo-907,QA 사전좌표 907 support-office,support-office,north,,인천광역시 QA구 사전좌표로 907,37.396440,126.520170,synthetic-pregeocoded-north-support-office
qa-pregeo-908,QA 사전좌표 908 direct-agency,direct-agency,east,,인천광역시 QA구 사전좌표로 908,37.400540,126.525370,synthetic-pregeocoded-east-direct-agency
qa-pregeo-909,QA 사전좌표 909 library,library,west,,인천광역시 QA구 사전좌표로 909,37.404640,126.530570,synthetic-pregeocoded-west-library
qa-pregeo-910,QA 사전좌표 910 experience-site,experience-site,unassigned,,인천광역시 QA구 사전좌표로 910,37.408740,126.535770,synthetic-pregeocoded-unassigned-experience-site
qa-pregeo-911,QA 사전좌표 911 partner,partner,main,,인천광역시 QA구 사전좌표로 911,37.412840,126.540970,synthetic-pregeocoded-main-partner
qa-pregeo-912,QA 사전좌표 912 imported,imported,ganghwa,,인천광역시 QA구 사전좌표로 912,37.416940,126.546170,synthetic-pregeocoded-ganghwa-imported
qa-pregeo-913,QA 사전좌표 913 school,school,south,유치원,인천광역시 QA구 사전좌표로 913,37.421040,126.551370,synthetic-pregeocoded-south-school
qa-pregeo-914,QA 사전좌표 914 headquarters,headquarters,north,,인천광역시 QA구 사전좌표로 914,37.425140,126.556570,synthetic-pregeocoded-north-headquarters
qa-pregeo-915,QA 사전좌표 915 support-office,support-office,east,,인천광역시 QA구 사전좌표로 915,37.429240,126.561770,synthetic-pregeocoded-east-support-office
qa-pregeo-916,QA 사전좌표 916 direct-agency,direct-agency,west,,인천광역시 QA구 사전좌표로 916,37.433340,126.566970,synthetic-pregeocoded-west-direct-agency
qa-pregeo-917,QA 사전좌표 917 library,library,unassigned,,인천광역시 QA구 사전좌표로 917,37.437440,126.572170,synthetic-pregeocoded-unassigned-library
qa-pregeo-918,QA 사전좌표 918 experience-site,experience-site,main,,인천광역시 QA구 사전좌표로 918,37.441540,126.577370,synthetic-pregeocoded-main-experience-site
qa-pregeo-919,QA 사전좌표 919 partner,partner,ganghwa,,인천광역시 QA구 사전좌표로 919,37.445640,126.582570,synthetic-pregeocoded-ganghwa-partner
qa-pregeo-920,QA 사전좌표 920 imported,imported,south,,인천광역시 QA구 사전좌표로 920,37.449740,126.587770,synthetic-pregeocoded-south-imported
qa-pregeo-921,QA 사전좌표 921 school,school,north,중학교,인천광역시 QA구 사전좌표로 921,37.453840,126.592970,synthetic-pregeocoded-north-school
qa-pregeo-922,QA 사전좌표 922 headquarters,headquarters,east,,인천광역시 QA구 사전좌표로 922,37.457940,126.598170,synthetic-pregeocoded-east-headquarters
qa-pregeo-923,QA 사전좌표 923 support-office,support-office,west,,인천광역시 QA구 사전좌표로 923,37.462040,126.603370,synthetic-pregeocoded-west-support-office
qa-pregeo-924,QA 사전좌표 924 direct-agency,direct-agency,unassigned,,인천광역시 QA구 사전좌표로 924,37.466140,126.608570,synthetic-pregeocoded-unassigned-direct-agency
qa-pregeo-925,QA 사전좌표 925 library,library,main,,인천광역시 QA구 사전좌표로 925,37.470240,126.613770,synthetic-pregeocoded-main-library
qa-geocode-001,QA 지오코딩대기 001 direct-agency,direct-agency,south,,인천광역시 QA구 지오코딩로 1,,,synthetic-geocode-queue-south-direct-agency
qa-geocode-002,QA 지오코딩대기 002 library,library,north,,인천광역시 QA구 지오코딩로 2,,,synthetic-geocode-queue-north-library
qa-geocode-003,QA 지오코딩대기 003 experience-site,experience-site,east,,인천광역시 QA구 지오코딩로 3,,,synthetic-geocode-queue-east-experience-site
qa-geocode-004,QA 지오코딩대기 004 partner,partner,west,,인천광역시 QA구 지오코딩로 4,,,synthetic-geocode-queue-west-partner
qa-geocode-005,QA 지오코딩대기 005 imported,imported,unassigned,,인천광역시 QA구 지오코딩로 5,,,synthetic-geocode-queue-unassigned-imported
qa-geocode-006,QA 지오코딩대기 006 school,school,main,대안학교,인천광역시 QA구 지오코딩로 6,,,synthetic-geocode-queue-main-school
qa-geocode-007,QA 지오코딩대기 007 headquarters,headquarters,ganghwa,,인천광역시 QA구 지오코딩로 7,,,synthetic-geocode-queue-ganghwa-headquarters
qa-geocode-008,QA 지오코딩대기 008 support-office,support-office,south,,인천광역시 QA구 지오코딩로 8,,,synthetic-geocode-queue-south-support-office
qa-geocode-009,QA 지오코딩대기 009 direct-agency,direct-agency,north,,인천광역시 QA구 지오코딩로 9,,,synthetic-geocode-queue-north-direct-agency
qa-geocode-010,QA 지오코딩대기 010 library,library,east,,인천광역시 QA구 지오코딩로 10,,,synthetic-geocode-queue-east-library
qa-geocode-011,QA 지오코딩대기 011 experience-site,experience-site,west,,인천광역시 QA구 지오코딩로 11,,,synthetic-geocode-queue-west-experience-site
qa-geocode-012,QA 지오코딩대기 012 partner,partner,unassigned,,인천광역시 QA구 지오코딩로 12,,,synthetic-geocode-queue-unassigned-partner
qa-geocode-013,QA 지오코딩대기 013 imported,imported,main,,인천광역시 QA구 지오코딩로 13,,,synthetic-geocode-queue-main-imported
qa-geocode-014,QA 지오코딩대기 014 school,school,ganghwa,초등학교,인천광역시 QA구 지오코딩로 14,,,synthetic-geocode-queue-ganghwa-school
qa-geocode-015,QA 지오코딩대기 015 headquarters,headquarters,south,,인천광역시 QA구 지오코딩로 15,,,synthetic-geocode-queue-south-headquarters
qa-geocode-016,QA 지오코딩대기 016 support-office,support-office,north,,인천광역시 QA구 지오코딩로 16,,,synthetic-geocode-queue-north-support-office
qa-geocode-017,QA 지오코딩대기 017 direct-agency,direct-agency,east,,인천광역시 QA구 지오코딩로 17,,,synthetic-geocode-queue-east-direct-agency
qa-geocode-018,QA 지오코딩대기 018 library,library,west,,인천광역시 QA구 지오코딩로 18,,,synthetic-geocode-queue-west-library
qa-geocode-019,QA 지오코딩대기 019 experience-site,experience-site,unassigned,,인천광역시 QA구 지오코딩로 19,,,synthetic-geocode-queue-unassigned-experience-site
qa-geocode-020,QA 지오코딩대기 020 partner,partner,main,,인천광역시 QA구 지오코딩로 20,,,synthetic-geocode-queue-main-partner
qa-geocode-021,QA 지오코딩대기 021 imported,imported,ganghwa,,인천광역시 QA구 지오코딩로 21,,,synthetic-geocode-queue-ganghwa-imported
qa-geocode-022,QA 지오코딩대기 022 school,school,south,고등학교,인천광역시 QA구 지오코딩로 22,,,synthetic-geocode-queue-south-school
qa-geocode-023,QA 지오코딩대기 023 headquarters,headquarters,north,,인천광역시 QA구 지오코딩로 23,,,synthetic-geocode-queue-north-headquarters
qa-geocode-024,QA 지오코딩대기 024 support-office,support-office,east,,인천광역시 QA구 지오코딩로 24,,,synthetic-geocode-queue-east-support-office
qa-geocode-025,QA 지오코딩대기 025 direct-agency,direct-agency,west,,인천광역시 QA구 지오코딩로 25,,,synthetic-geocode-queue-west-direct-agency
qa-geocode-026,QA 지오코딩대기 026 library,library,unassigned,,인천광역시 QA구 지오코딩로 26,,,synthetic-geocode-queue-unassigned-library
qa-geocode-027,QA 지오코딩대기 027 experience-site,experience-site,main,,인천광역시 QA구 지오코딩로 27,,,synthetic-geocode-queue-main-experience-site
qa-geocode-028,QA 지오코딩대기 028 partner,partner,ganghwa,,인천광역시 QA구 지오코딩로 28,,,synthetic-geocode-queue-ganghwa-partner
qa-geocode-029,QA 지오코딩대기 029 imported,imported,south,,인천광역시 QA구 지오코딩로 29,,,synthetic-geocode-queue-south-imported
qa-geocode-030,QA 지오코딩대기 030 school,school,north,대안학교,인천광역시 QA구 지오코딩로 30,,,synthetic-geocode-queue-north-school
qa-geocode-031,QA 지오코딩대기 031 headquarters,headquarters,east,,인천광역시 QA구 지오코딩로 31,,,synthetic-geocode-queue-east-headquarters
qa-geocode-032,QA 지오코딩대기 032 support-office,support-office,west,,인천광역시 QA구 지오코딩로 32,,,synthetic-geocode-queue-west-support-office
qa-geocode-033,QA 지오코딩대기 033 direct-agency,direct-agency,unassigned,,인천광역시 QA구 지오코딩로 33,,,synthetic-geocode-queue-unassigned-direct-agency
qa-geocode-034,QA 지오코딩대기 034 library,library,main,,인천광역시 QA구 지오코딩로 34,,,synthetic-geocode-queue-main-library
qa-geocode-035,QA 지오코딩대기 035 experience-site,experience-site,ganghwa,,인천광역시 QA구 지오코딩로 35,,,synthetic-geocode-queue-ganghwa-experience-site
qa-geocode-036,QA 지오코딩대기 036 partner,partner,south,,인천광역시 QA구 지오코딩로 36,,,synthetic-geocode-queue-south-partner
qa-geocode-037,QA 지오코딩대기 037 imported,imported,north,,인천광역시 QA구 지오코딩로 37,,,synthetic-geocode-queue-north-imported
qa-geocode-038,QA 지오코딩대기 038 school,school,east,초등학교,인천광역시 QA구 지오코딩로 38,,,synthetic-geocode-queue-east-school
qa-geocode-039,QA 지오코딩대기 039 headquarters,headquarters,west,,인천광역시 QA구 지오코딩로 39,,,synthetic-geocode-queue-west-headquarters
qa-geocode-040,QA 지오코딩대기 040 support-office,support-office,unassigned,,인천광역시 QA구 지오코딩로 40,,,synthetic-geocode-queue-unassigned-support-office
qa-geocode-041,QA 지오코딩대기 041 direct-agency,direct-agency,main,,인천광역시 QA구 지오코딩로 41,,,synthetic-geocode-queue-main-direct-agency
qa-geocode-042,QA 지오코딩대기 042 library,library,ganghwa,,인천광역시 QA구 지오코딩로 42,,,synthetic-geocode-queue-ganghwa-library
qa-geocode-043,QA 지오코딩대기 043 experience-site,experience-site,south,,인천광역시 QA구 지오코딩로 43,,,synthetic-geocode-queue-south-experience-site
qa-geocode-044,QA 지오코딩대기 044 partner,partner,north,,인천광역시 QA구 지오코딩로 44,,,synthetic-geocode-queue-north-partner
qa-geocode-045,QA 지오코딩대기 045 imported,imported,east,,인천광역시 QA구 지오코딩로 45,,,synthetic-geocode-queue-east-imported
qa-geocode-046,QA 지오코딩대기 046 school,school,west,고등학교,인천광역시 QA구 지오코딩로 46,,,synthetic-geocode-queue-west-school
qa-geocode-047,QA 지오코딩대기 047 headquarters,headquarters,unassigned,,인천광역시 QA구 지오코딩로 47,,,synthetic-geocode-queue-unassigned-headquarters
qa-geocode-048,QA 지오코딩대기 048 support-office,support-office,main,,인천광역시 QA구 지오코딩로 48,,,synthetic-geocode-queue-main-support-office
qa-geocode-049,QA 지오코딩대기 049 direct-agency,direct-agency,ganghwa,,인천광역시 QA구 지오코딩로 49,,,synthetic-geocode-queue-ganghwa-direct-agency
qa-geocode-050,QA 지오코딩대기 050 library,library,south,,인천광역시 QA구 지오코딩로 50,,,synthetic-geocode-queue-south-library
qa-invalid-001,QA 실패행 001 <b>escape</b>,imported,main,,,,,synthetic-invalid-missing-location
qa-invalid-002,QA 실패행 002 <b>escape</b>,imported,ganghwa,,,,,synthetic-invalid-missing-location
qa-invalid-003,QA 실패행 003 <b>escape</b>,imported,south,,,,,synthetic-invalid-missing-location
qa-invalid-004,QA 실패행 004 <b>escape</b>,imported,north,,,,,synthetic-invalid-missing-location
qa-invalid-005,QA 실패행 005 <b>escape</b>,imported,east,,,,,synthetic-invalid-missing-location
qa-invalid-006,QA 실패행 006 <b>escape</b>,imported,west,,,,,synthetic-invalid-missing-location
qa-invalid-007,QA 실패행 007 <b>escape</b>,imported,unassigned,,,,,synthetic-invalid-missing-location
qa-invalid-008,QA 실패행 008 <b>escape</b>,imported,main,,,,,synthetic-invalid-missing-location
qa-invalid-009,QA 실패행 009 <b>escape</b>,imported,ganghwa,,,,,synthetic-invalid-missing-location
qa-invalid-010,QA 실패행 010 <b>escape</b>,imported,south,,,,,synthetic-invalid-missing-location
qa-invalid-011,QA 실패행 011 <b>escape</b>,imported,north,,,,,synthetic-invalid-missing-location
qa-invalid-012,QA 실패행 012 <b>escape</b>,imported,east,,,,,synthetic-invalid-missing-location
qa-invalid-013,QA 실패행 013 <b>escape</b>,imported,west,,,,,synthetic-invalid-missing-location
qa-invalid-014,QA 실패행 014 <b>escape</b>,imported,unassigned,,,,,synthetic-invalid-missing-location
qa-invalid-015,QA 실패행 015 <b>escape</b>,imported,main,,,,,synthetic-invalid-missing-location
qa-invalid-016,QA 실패행 016 <b>escape</b>,imported,ganghwa,,,,,synthetic-invalid-missing-location
qa-invalid-017,QA 실패행 017 <b>escape</b>,imported,south,,,,,synthetic-invalid-missing-location
qa-invalid-018,QA 실패행 018 <b>escape</b>,imported,north,,,,,synthetic-invalid-missing-location
qa-invalid-019,QA 실패행 019 <b>escape</b>,imported,east,,,,,synthetic-invalid-missing-location
qa-invalid-020,QA 실패행 020 <b>escape</b>,imported,west,,,,,synthetic-invalid-missing-location
qa-invalid-021,QA 실패행 021 <b>escape</b>,imported,unassigned,,,,,synthetic-invalid-missing-location
qa-invalid-022,QA 실패행 022 <b>escape</b>,imported,main,,,,,synthetic-invalid-missing-location
qa-invalid-023,QA 실패행 023 <b>escape</b>,imported,ganghwa,,,,,synthetic-invalid-missing-location
qa-invalid-024,QA 실패행 024 <b>escape</b>,imported,south,,,,,synthetic-invalid-missing-location
qa-invalid-025,QA 실패행 025 <b>escape</b>,imported,north,,,,,synthetic-invalid-missing-location
